Goodreads Quote Id,Author,Book,ISBN,Quote,Tags,Quote Popularity,Order
7328671,"Iain M. Banks","Excession","","and was taken to the Forward Docks and a big, brightly lit hangar, where the Psychopath Class ex-Rapid Offensive Unit Frank Exchange of Views was waiting for her. Ulver laughed. 'It looks,' she snorted, 'like a dildo!' 'That's appropriate,' Churt Lyne said. 'Armed, it can fuck solar systems.","",10,1
389855,"Iain M. Banks","Use of Weapons (Culture, #3)","","I just think people overvalue argument because they like to hear themselves talk.","kindlehighlight",83,2
34378,"Cormac McCarthy","The Road","0307265439","There is no God and we are his prophets.","blasphemy, paraphrased, religion",804,3
219846,"Marcus Aurelius","The Meditations of Marcus Aurelius","142092611X","Men seek retreats for themselves, houses in the country, sea-shores, and mountains; and thou too art wont to desire such things very much. But this is altogether a mark of the most common sort of men, for it is in thy power whenever thou shalt choose to retire into thyself. For nowhere either with more quiet or more freedom from trouble does a man retire than into his own soul, particularly when he has within him such thoughts that by looking into them he is immediately in perfect tranquility; and I affirm that tranquility is nothing else than the good ordering of the mind. Constantly then give to thyself this retreat, and renew thyself; and let thy principles be brief and fundamental, which, as soon as thou shalt recur to them, will be sufficient to cleanse the soul completely, and to send thee back free from all discontent with the things to which thou returnest. For with what art thou discontented? With the badness of men? Recall to thy mind this conclusion, that rational animals exist for one another, and that to endure is a part of justice, and that men do wrong involuntarily; and consider how many already, after mutual enmity, suspicion, hatred, and fighting, have been stretched dead, reduced to ashes; and be quiet at last.- But perhaps thou art dissatisfied with that which is assigned to thee out of the universe.- Recall to thy recollection this alternative; either there is providence or atoms, fortuitous concurrence of things; or remember the arguments by which it has been proved that the world is a kind of political community, and be quiet at last.- But perhaps corporeal things will still fasten upon thee.- Consider then further that the mind mingles not with the breath, whether moving gently or violently, when it has once drawn itself apart and discovered its own power, and think also of all that thou hast heard and assented to about pain and pleasure, and be quiet at last.- But perhaps the desire of the thing called fame will torment thee.- See how soon everything is forgotten, and look at the chaos of infinite time on each side of the present, and the emptiness of applause, and the changeableness and want of judgement in those who pretend to give praise, and the narrowness of the space within which it is circumscribed, and be quiet at last. For the whole earth is a point, and how small a nook in it is this thy dwelling, and how few are there in it, and what kind of people are they who will praise thee.","philosophy",110,4
201428,"Herman Melville","Moby-Dick or, The Whale","0142437247","From beneath his slouched hat Ahab dropped a tear into the sea; nor did all the Pacific contain such wealth as that one wee drop.","",31,5
9344470,"Herman Melville","Moby Dick","1504041194","Queequeg explained to me that his world was very different from ours. However, one thing he learned quickly, was that within all groups of people there are kind men and there are unkind men.","herman-melville, kindness, mankind, moby-dick, worldview",10,6
1057233,"Scott  Meyer","Off to Be the Wizard (Magic 2.0, #1)","","He had spent a lot of time thinking about himself, and had come to the conclusion that he was definitely not self-absorbed.","",57,7
5153049,"Scott  Meyer","Off to Be the Wizard (Magic 2.0, #1)","","You see, faith doesn’t have to make sense. If it did, it wouldn’t be faith, it would be logic.","",20,8
963654,"Scott  Meyer","Off to Be the Wizard (Magic 2.0, #1)","","It’s amazing how quickly we get used to weirdness when it’s our own weirdness.","",13,9
5099566,"Scott  Meyer","Off to Be the Wizard (Magic 2.0, #1)","","He tried to come up with a word that meant “witch,” that didn’t have any insulting or demeaning overtones. He couldn’t. In fact, after some thought, he couldn’t think of a word that meant female that men hadn’t imbued with some belittling shade of meaning. Finally, after a much longer silence than he had intended, he simply said, “I can understand why.","",10,10
6666895,"Scott  Meyer","Off to Be the Wizard (Magic 2.0, #1)","","The advantage that religion has over magic or science is that man’s inability to understand is built into the system, so if an explanation is confusing or unsatisfying, it strengthens the point.","",8,11
7199820,"Scott  Meyer","Off to Be the Wizard (Magic 2.0, #1)","","They couldn’t prove themselves right, so they channeled their energies into proving the other side wrong.","",10,12
1280873,"Scott  Meyer","Off to Be the Wizard (Magic 2.0, #1)","","In fact, after some thought, he couldn’t think of a word that meant female that men hadn’t imbued with some belittling shade of meaning.","",4,13
7172449,"Scott  Meyer","Off to Be the Wizard (Magic 2.0, #1)","","The day we stop learning is the day we stop living.","",4,14
1249649,"Scott  Meyer","Off to Be the Wizard (Magic 2.0, #1)","","Sure, as a teenager he’d experimented with the whole pose, but found that rebelling against everything all the time was just too exhausting.","",3,15
6718903,"Scott  Meyer","Off to Be the Wizard (Magic 2.0, #1)","","Phillip shook his head. “I understand all of these specs, but the numbers are all so large, I don’t know what any of it means. What on earth can a person do with four gigabytes of RAM?” “Upgrade it immediately,” Martin answered.","",2,16
7293380,"Scott  Meyer","Off to Be the Wizard (Magic 2.0, #1)","","He drove to work, his car a sunny little island of calm in the middle of the swollen river of misery that was the morning commute.","",2,17
790945,"Iain M. Banks","Use of Weapons (Culture, #3)","185723135X","Zakalwe, in all human societies we have ever reviewed, in every age and every state, there has seldom if ever been a shortage of eager young males prepared to kill and die to preserve the security, comfort and prejudices of their elders, and what you call heroism is just an expression of this simple fact; there is never a scarcity of idiots.","",153,18
818965,"Iain M. Banks","Use of Weapons (Culture, #3)","185723135X","Most people are not prepared to have their minds changed,"" he said. ""And I think they know in their hearts that other people are just the same, and one of the reasons people become angry when they argue is that they realize just that, as they trot out their excuses.""<br/><br/>""<i>Excuses</i>, eh?"" Well, if this ain't cynicism, what is?"" Erens snorted.<br/><br/>""Yes, excuses,"" he said, with what Erens thought might just have been a trace of bitterness. ""I strongly suspect the things people believe in are usually just what they instinctively feel is right; the excuses, the justifications, the things you're supposed to argue about, come later. They're the least important part of the belief. That's why you can destroy them, win an argument, prove the other person wrong, and still they believe what they did in the first place."" He looked at Erens. ""You've attacked the wrong thing.","arguments, belief, erens, excuses, instinct, justifications",50,19
697974,"Iain M. Banks","Use of Weapons (Culture, #3)","185723135X","But it was pointless, it was stupid; he thought about thoughtless things. If I were a seabird . . . but how could you be a seabird? If you were a seabird your brain would be tiny and stupid and you would love half-rotted fish guts and tweaking the eyes out of little grazing animals; you would know no poetry and you could never appreciate flying as fully as the human on the ground yearning to be you.<br/>If you wanted to be a seabird you deserved to be one.","",39,20
818954,"Iain M. Banks","Use of Weapons (Culture, #3)","185723135X","I could try composing wonderful musical works, or day-long entertainment epics, but what would that do? Give people pleasure? My wiping this table gives me pleasure. And people come to a clean table, which gives <i>them</i> pleasure. And anyway"" - the man laughed - ""people die; stars die; universes die. What is any achievement, however great it was, once time itself is dead? Of course, if <i>all</i> I did was wipe tables, then of course it would seem a mean and despicable waste of my huge intellectual potential. But because I choose to do it, it gives me pleasure. And,"" the man said with a smile, ""it's a good way of meeting people. So where are you from, anyway?","achievement, choice, death, meeting-people, people, pleasure, stars, the-universe, time, utopia, wiping-tables",27,21
1242534,"Iain M. Banks","Use of Weapons (Culture, #3)","185723135X","But just because something does not have an ending doesn't mean it doesn't have a conclusion.","",22,22
8862699,"Iain M. Banks","Use of Weapons (Culture, #3)","185723135X","The way to a man’s heart is through his chest!","",18,23
8872172,"Iain M. Banks","Use of Weapons (Culture, #3)","185723135X","I once visited a place where they killed people by putting them in a chair. Not torture — that was common enough; beds and chairs were very much the par when it came to getting people helpless and confined, to inflict pain upon them — but actually set it up to kill them while they sat. They — get this — they either gassed them or they passed very high electric currents through them. A pellet dropped into a container beneath the seat, like some obscene image of a commode, producing a fatal gas; or a cap over their head, and their hands dipped in some conducting fluid, to fry their brains.<br/>You want to know the punch line? Yeah, [...] give us the punch line. This same state had a law that forbade — and I quote — “cruel and unusual punishments!” Can you believe that?","capital-punishment, sarcasm",7,24
2460941,"Iain M. Banks","Use of Weapons (Culture, #3)","185723135X","Myself,” said the drone sniffily, “I have never been able to see what virtue there could be in something that was eighty percent water.","",4,25
9499432,"Iain M. Banks","Use of Weapons (Culture, #3)","185723135X","Can’t machines build these faster?” he asked the woman, looking around the starship shell.“Why, of course!” she laughed.“Then why do you do it?”“It’s fun. You see one of these big mothers sail out those doors for the first time, heading for deep space, three hundred people on board, everything working, the Mind quite happy, and you think, I helped build that. The fact a machine could have done it faster doesn’t alter the fact that it was you who actually did it.”<br/>“Hmm,” he said.<br/>“Well, you may ‘hmm’ as you wish,” the woman said, approaching a translucent hologram of the half-completed ship, where a few other construction workers were standing, pointing inside the model and talking. “But have you ever been gliding or swum underwater?”<br/>“Yes,” he agreed.<br/>The woman shrugged. “Yet birds fly better than we do, and fish swim better. Do we stop gliding or swimming because of this?”<br/>He smiled. “I suppose not.”<br/>“You suppose correctly,” the woman said. “And why?” She looked at him, grinning. “Because it’s fun.","",9,26
238272,"Irvine Welsh","Trainspotting","2020336464","Choose Life. Choose a job. Choose a career. Choose a family. Choose a fucking big television, choose washing machines, cars, compact disc players and electrical tin openers. Choose good health, low cholesterol, and dental insurance. Choose fixed interest mortgage repayments. Choose a starter home. Choose your friends. Choose leisurewear and matching luggage. Choose a three-piece suit on hire purchase in a range of fucking fabrics. Choose DIY and wondering who the fuck you are on Sunday morning. Choose sitting on that couch watching mind-numbing, spirit-crushing game shows, stuffing fucking junk food into your mouth. Choose rotting away at the end of it all, pissing your last in a miserable home, nothing more than an embarrassment to the selfish, fucked up brats you spawned to replace yourselves. Choose your future. Choose life… But why would I want to do a thing like that? I chose not to choose life. I chose somethin’ else. And the reasons? There are no reasons. Who needs reasons when you’ve got heroin?","",316,27
305804,"Irvine Welsh","Trainspotting","2020336464","By definition, you have to live until you die. Better to make that life as complete and enjoyable an experience as possible, in case death is shite, which I suspect it will be.","",432,28
629543,"Irvine Welsh","Trainspotting","2020336464","Now there is apparently a causal link between heroin addiction and vegetarianism.","",94,29
776837,"Irvine Welsh","Trainspotting","2020336464","The fact that you use the term ""cunt"" in the same breath as ""sexist"", shows that you display the same muddled, fucked-up thinking oan this issue as you do oan everything else.","",33,30
8547234,"Irvine Welsh","Trainspotting (Mark Renton, #2)","0099465892","-ye always want what ye cannae have and the things that ye dinnae really gie a toss aboot get handed tae ye oan a plate.","",12,31
684637,"Irvine Welsh","Trainspotting","2020336464","Society invents a spurious convoluted logic tae absorb and change people whae's behaviour is outside its mainstream. Suppose that ah ken aw the pros and cons, know that ah'm gaunnae huv a short life, am ah sound mind, ectetera, ectetera, but still want tae use smack? They won't let ye dae it. They won't let ye dae it, because it's seen as a sign ay thir ain failure. The fact that ye jist simply choose tae reject whut they huv tae offer.","",9,32
7346839,"Irvine Welsh","Trainspotting (Mark Renton, #2)","0099465892","They mean well, and they mean well tae me, but there's nae way under the sun that they can <br/>appreciate what ah feel, what ah  need.     <br/>Protect me from those who wish tae help us.","",18,33
1174573,"Irvine Welsh","Trainspotting (Mark Renton #2)","0393343685","Johnny wis a junky as well as a dealer. Ye hud tae go a wee bit further up the ladder before ye found a dealer whae didnae use. We called Johnny ‘Mother Superior’ because ay the length ay time he’d hud his habit.","",11,34
7978602,"Irvine Welsh","Trainspotting (Mark Renton, #2)","0099465892","Sex generally makes them intae real relationships, or ends them. Ye go backwards or forwards after shagging, but maintaining the status quo is difficult.","",11,35
1171790,"Irvine Welsh","Trainspotting (Mark Renton #2)","0393343685","Ah didnae really know much aboot women. Ah didnae really know much aboot anything.","",11,36
9941040,"C.N. Lester","Trans Like Me","0349008612","Gender is who you are, and sexuality is who you want; sexual orientation is who you go to bed with and gender identity is who you go to bed as.","gender, sex, sexuality",5,37
9941043,"C.N. Lester","Trans Like Me","0349008612","We cannot afford to be seduced by the sophistry of single-issue movements. As Audre Lorde so rightly said, we do not live single-issue lives.","",4,38
10590030,"C.N. Lester","Trans Like Me","0349008612","Those looking to know how it feels, to have a chance at life in a congruent body, free of dysphoria? Just listen to trans people and what we know of our own lives. We have been speaking this truth for a long time.","",4,39
9941042,"C.N. Lester","Trans Like Me","0349008612","Part of being trans, of being queer—not all of it, not for all people, but part—is in the re-imagining of what it is to be human. These are categories forged from the failure or refusal to acquiesce to majority rule.","queer, trans",7,40
52994,"Michael Crichton","The Lost World (Jurassic Park, #2)","0752224417","What makes you think human beings are sentient and aware? There's no evidence for it. Human beings never think for themselves, they find it too uncomfortable. For the most part, members of our species simply repeat what they are told-and become upset if they are exposed to any different view. The characteristic human trait is not awareness but conformity, and the characteristic result is religious warfare. Other animals fight for territory or food; but, uniquely in the animal kingdom, human beings fight for their 'beliefs.' The reason is that beliefs guide behavior which has evolutionary importance among human beings. But at a time when our behavior may well lead us to extinction, I see no reason to assume we have any awareness at all. We are stubborn, self-destructive conformists. Any other view of our species is just a self-congratulatory delusion. Next question.","awareness, humanity",447,41
170827,"Michael Crichton","The Lost World (Jurassic Park, #2)","0752224417","Absence of proof is not proof of absence.","proof",191,42
154081,"Michael Crichton","The Lost World (Jurassic Park, #2)","0752224417","The academic world was marching toward ever more specialized knowledge, expressed in ever more dense jargon.","linguistics",28,43
802646,"Michael Crichton","The Lost World (Jurassic Park, #2)","0752224417","Obsession is just a variety of addiction ~ Ian Malcolm","",22,44
112716,"Michael Crichton","Jurassic Park (Jurassic Park, #1)","030734813X","God creates dinosaurs, God kills dinosaurs, God creates man, man kills God, man brings back dinosaurs.","science",482,45
114212,"Michael Crichton","Jurassic Park (Jurassic Park, #1)","030734813X","The planet has survived everything, in its time.  It will certainly survive us.","ontology",475,46
532440,"Michael Crichton","Jurassic Park (Jurassic Park, #1)","030734813X","Life will find a way.","",261,47
114205,"Michael Crichton","Jurassic Park (Jurassic Park, #1)","030734813X","Nobody is driven by abstractions like 'seeking truth.","cynicism, science",51,48
11776,"Daphne Du Maurier","Rebecca","1844080382","Last night I dreamt I went to Manderley again.","dream, first-sentence",2339,49
580169,"Daphne du Maurier","Rebecca","1844080382","I wondered why it was that places are so much lovelier when one is<br/>alone.","",325,50
216149,"Charles Dickens","A Christmas Carol","1561797464","No space of regret can make amends for one life's opportunity misused","",439,51
10175997,"Adam Rutherford","How to Argue With a Racist: History, Science, Race and Reality","1474611265","Race is real because we perceive it. Racism is real because we enact it. Neither race nor racism has foundations in science. It is our duty to contest the warping of scientific research, especially if it is being used to justify prejudice. If you are a racist, then you are asking for a fight. But science is my ally, not yours, and your fight is not just with me, but with reality.","",10,52
10285587,"Adam Rutherford","How to Argue With a Racist: History, Science, Race and Reality","1474611265","Scientific racism’ or ‘race science’ are both misnomers. These are pseudoscientific domains.","pseudoscience, race, racism",4,53
10342209,"Adam Rutherford","How to Argue With a Racist: History, Science, Race and Reality","1474611265","When you have only ever experienced privilege, equality feels like oppression.","education, equality, genes, genetics, oppression, racsim, science, white-privilege",28,54
10342216,"Adam Rutherford","How to Argue With a Racist: History, Science, Race and Reality","1474611265","Race is a social construct. This does not mean that it is invalid or unimportant.","antiracist, british, genes, genetics, racism, science, white-privilege",4,55
10175796,"Adam Rutherford","How to Argue With a Racist: History, Science, Race and Reality","1474611265","demonstrates quite clearly Swift’s maxim that you cannot reason someone out of a position they did not reason themselves into.","",3,56
6145,"George Orwell","1984","","Who controls the past controls the future. Who controls the present controls the past.","inspirational",11018,57
10585729,"C.N. Lester","Trans Like Me","0349008612","This is the reason why it's insufficient to respond with accusations of being 'offended,' to say that anyone who disagrees with these pieces is not obliged to read them and can take their support elsewhere. Trans people may choose not to consume transphobic media; we have no choice about living in a world shaped by the misinformation.","",2,58
7901818,"Stephen King","Apt Pupil","0751525677","No,' he said. 'I don't think anyone dies happy...but you could die well.","",8,59
437402,"Greg Keyes","The Briar King (Kingdoms of Thorn and Bone, #1)","0330419455","I have an idea,"" Cazio said after a moment.<br/><br/>""What a lonely creature it must be.","humor",20,60
222823,"Philip K. Dick","The Man in the High Castle","0679740678","When I was a child, I thought as a child. But now I have put away childish things. ... I must be scientific.","",53,61
7386547,"Philip K. Dick","The Man in the High Castle","0679740678","One cannot judge by book being best seller. We all know that. Many best sellers are terrible trash.","",38,62
5977406,"Philip K. Dick","The Man in the High Castle","","Philosophical involvement blinded me to authentic human fact.","",12,63
1137981,"Agatha Christie","Murder on the Orient Express (Hercule Poirot, #10)","","The body—the cage—is everything of the most respectable—but through the bars, the wild animal looks out.","",63,64
8325450,"Ira Levin","The Stepford Wives","0060080841","Sex, yes; sexism, no.","",12,65
65447,"Frank Herbert","Dune (Dune #1)","0340839937","What do you despise? By this are you truly known.","muad-dib, princess-irulan",1062,66
257952,"Frank Herbert","Dune (Dune #1)","0340839937","Hope clouds observation.","dune",681,67
371748,"Frank Herbert","Dune (Dune #1)","0340839937","The mind commands the body and it obeys. The mind orders itself and meets resistance.","",692,68
422719,"Frank Herbert","Dune (Dune #1)","0340839937","Highly organized research is guaranteed to produce nothing new.","research, science",247,69
80520,"Richard Dawkins","The Selfish Gene","0199291152","The meme for blind faith secures its own perpetuation by the simple unconscious expedient of discouraging rational inquiry.","faith, inquiry, meme",103,70
499924,"Richard Dawkins","The Selfish Gene","0199291152","Unfortunately, however much we may deplore something, it does not stop being true.","",89,71
567499,"Richard Dawkins","The Selfish Gene","0199291152","Any altruistic system is inherently unstable, because it is open to abuse by selfish individuals, ready to exploit it.","",82,72
385719,"Richard Dawkins","The Selfish Gene","0199291152","Let us try to teach generosity and altruism, because we are all born selfish.","",44,73
7135283,"Richard Dawkins","The Selfish Gene","0199291152","The rabbit runs faster than the fox, because the rabbit is running for his life while the fox is only running for his dinner.","",54,74
440705,"Richard Dawkins","The Selfish Gene","0199291152","When you plant a fertile meme in my mind you literally parasitize my brain, turning it into a vehicle for the meme's propagation in just the way that a virus may parasitize the genetic mechanism of a host cell.","",42,75
6466,"George Orwell","Animal Farm","","All animals are equal, but some animals are more equal than others.","animal-farm",7755,76
346721,"George Orwell","Animal Farm","","Several of them would have protested if they could have found the right arguments.","",720,77
389197,"George Orwell","Animal Farm","","This work was strictly voluntary, but any animal who absented himself from it would have his rations reduced by half.","life, satire, tyranny",619,78
10865,"F. Scott Fitzgerald","The Great Gatsby","0743273567","And I like large parties.  They’re so intimate.  At small parties there isn’t any privacy.","jordan-baker",4747,79
132325,"F. Scott Fitzgerald","The Great Gatsby","0743273567","Let us learn to show our friendship for a man when he is alive and not after he is dead.","",3961,80
1408031,"Nigel Warburton","A Little History of Philosophy (Little Histories)","","The best way to live, then, was this: have a very simple lifestyle, be kind to those around you, and surround yourself with friends.","",9,81
7242379,"Nigel Warburton","A Little History of Philosophy (Little Histories)","","Kierkegaard was a Christian, though he hated the Danish Church and couldn't accept the way complacent Christians around him behaved. For him, religion was a heart-wrenching option, not a cosy excuse for a song in church.","",3,82
8268077,"Nigel Warburton","A Little History of Philosophy (Little Histories)","","As soon as you start to doubt your own existence, the act of doubting proves that you exist as a thinking thing. This","",3,83
10333791,"Nigel Warburton","A Little History of Philosophy","0300152086","Socrates<br/><br/>“Life, he declared, is only worth living if you think about what you are doing. An unexamined existence is all right for cattle, but not for human beings.","",5,84
10406078,"Nigel Warburton","A Little History of Philosophy (Little Histories)","","If you do something just because of how you feel that is not a good action at all.","",4,85
7257495,"Nigel Warburton","A Little History of Philosophy (Little Histories)","","Instead of looking to increase our pleasure in life, they think, we should try to become better people and do the right thing. That is what makes a life go well.","",3,86
8564712,"Nigel Warburton","A Little History of Philosophy (Little Histories)","","The problem as he saw it was not how short our lives are, but rather how badly most of us use what time we have.","",5,87
659040,"Thomas Harris","Hannibal (Hannibal Lecter, #3)","","The tragedy is not to die, but to be wasted.","",315,88
659037,"Thomas Harris","Hannibal (Hannibal Lecter, #3)","","I think it's easy to mistake understanding for empathy - we want empathy so badly. Maybe learning to make that distinction is part of growing up. It's hard and ugly to know somebody can understand you without even liking you.","",243,89
659035,"Thomas Harris","Hannibal (Hannibal Lecter, #3)","","The worm that destroys you is the temptation to agree with your critics, to get their approval.","",127,90
790604,"Thomas Harris","Hannibal (Hannibal Lecter, #3)","","The most stable elements, Clarice, appear in the middle of the periodic table, roughly between iron and silver.<br/><br/>Between iron and silver. I think that is appropriate for you.","",99,91
868983,"Thomas Harris","Hannibal (Hannibal Lecter, #3)","","Occasionally, on purpose, Dr. Lecter drops a teacup to shatter on the floor. He is satisfied when it does not gather itself together. For many months now, he has not seen Mischa in his dreams.<br/><br/>Someday perhaps a cup will come together. Or somewhere Starling may hear a crossbow string and come to some unwilled awakening, if indeed she even sleeps.","",45,92
7146399,"Thomas Harris","Hannibal (Hannibal Lecter, #3)","","The world will not be this way within the reach of my arm.","",31,93
305111,"Justin Cronin","The Passage (The Passage, #1)","0345504968","We live, we die. Somewhere along the way, if we're lucky, we may find someone to help lighten the load.","",306,94
305108,"Justin Cronin","The Passage (The Passage, #1)","0345504968","Sara waited a respectful time, knowing there was nothing she could do to ease the woman's pain. Grief was a place, Sara understood, where a person went alone. It was like a room without doors, and what happened in that room, all the anger and the pain you felt, was meant to stay there, nobody's business but yours.","",62,95
582647,"Ernest Hemingway","Men Without Women","","The most painful thing is losing yourself in the process of loving someone too much, and forgetting that you are special too.","love, pain, relationships, self",5547,96
59234,"Ernest Hemingway","Men Without Women","","Would you please please please please please please please stop talking?","",347,97
10681283,"Michelle Thomas","My Sh*t Therapist: & Other Mental Health Stories","","It's easy to sneer that insta is all cats, brunch, selfies, and beach yoga, but social media is one of the most powerful tools for self education we've ever had. If your social media is boring you don't blame the tool, or the algorithms. If you're choosing to be spoon-fed, you can't complain that everything tastes the same.","",0,98
10681389,"Michelle Thomas","My Sh*t Therapist: & Other Mental Health Stories","","If she had come to claim the space I had taken, I would not move. Well, I would. obviously, I am British, but I would give her such a filthy look when I did, so, that would teach her.","",0,99
117582,"Ursula K. Le Guin","A Wizard of Earthsea (Earthsea Cycle, #1)","","It is very hard for evil to take hold of the unconsenting soul.","evil, ged, soul",686,100
108126,"Ursula K. Le Guin","A Wizard of Earthsea (Earthsea Cycle, #1)","","But it is one thing to read about dragons and another to meet them.","dragons",490,101
739216,"Ursula K. Le Guin","A Wizard of Earthsea (Earthsea Cycle, #1)","","To light a candle is to cast a shadow...","balance, equilibrium, evil, good, knowledge, taoism",493,102
413801,"Ursula K. Le Guin","A Wizard of Earthsea (Earthsea Cycle, #1)","","I had forgotten how much light there is in the world, till you gave it back to me.","life, light, love",357,103
384103,"Ursula K. Le Guin","A Wizard of Earthsea (Earthsea Cycle, #1)","","Go to bed; tired is stupid.","",219,104
1245147,"Ursula K. Le Guin","A Wizard of Earthsea (Earthsea Cycle, #1)","","For a word to be spoken, there must be silence. Before, and after.","death, life, listening",258,105
302472,"Ursula K. Le Guin","A Wizard of Earthsea (Earthsea Cycle, #1)","","From that time forth he believed that the wise man is one who never sets himself apart from other living things, whether they have speech or not, and in later years he strove long to learn what can be learned, in silence, from the eyes of animals, the flight of birds, the great slow gestures of trees.","",242,106
194867,"Ursula K. Le Guin","A Wizard of Earthsea (Earthsea Cycle, #1)","","You thought, as a boy, that a mage is one who can do anything. So I thought, once. So did we all. And the truth is that as a man's real power grows and his knowledge widens, ever the way he can follow grows narrower: until at last he chooses nothing, but does only and wholly what he <i>must do</i>. . . .","",221,107
1174768,"Ursula K. Le Guin","A Wizard of Earthsea (Earthsea Cycle, #1)","0544084373","Only in silence the word, only in dark the light, only in dying life: bright the hawk's flight on the empty sky.","",135,108
1023433,"Ursula K. Le Guin","A Wizard of Earthsea (Earthsea Cycle, #1)","","War as a moral metaphor is limited, limiting, and dangerous. By reducing the choices of action to “a war against” whatever-it-is, you divide the world into Me or Us (good) and Them or It (bad) and reduce the ethical complexity and moral richness of our life to Yes/No, On/Off. This is puerile, misleading, and degrading. In stories, it evades any solution but violence and offers the reader mere infantile reassurance. All too often the heroes of such fantasies behave exactly as the villains do, acting with mindless violence, but the hero is on the “right” side and therefore will win. Right makes might.","good-and-evil, morality, morals, right-and-wrong, war",120,109
1193653,"Ursula K. Le Guin","A Wizard of Earthsea (Earthsea Cycle, #1)","","A rock is a good thing, too, you know. If the Isles of Earthsea were all made of diamond, we'd lead a hard life here. Enjoy the illusions, lad, and let the rocks be rocks.","",71,110
327911,"Ursula K. Le Guin","A Wizard of Earthsea (Earthsea Cycle, #1)","","The wise needn't ask, the fool asks in vain.","",63,111
7180932,"Ursula K. Le Guin","A Wizard of Earthsea (Earthsea Cycle, #1)","","Yet a greater, unlearned skill he possessed, which was the art of kindness.","",68,112
1327104,"Ursula K. Le Guin","A Wizard of Earthsea (Earthsea Cycle, #1)","","Manhood is patience. Mastery is nine times patience.","manhood, mastery, patience",54,113
1193656,"Ursula K. Le Guin","A Wizard of Earthsea (Earthsea Cycle, #1)","","That is between me and my shadow.","",42,114
7699932,"Ursula K. Le Guin","A Wizard of Earthsea (Earthsea Cycle, #1)","","Master,” said Ged, “I cannot take your name from you, not being strong enough, and I cannot trick your name from you, not being wise enough. So I am content to stay here, and learn or serve, whatever you will: unless by chance you will answer a question I have.”<br/><br/>“Ask it.”<br/><br/>“What is your name?”<br/><br/>The doorkeeper smiled, and said his name; and Ged, repeating it, entered for the last time into that House.","",24,115
7322813,"Ursula K. Le Guin","A Wizard of Earthsea (Earthsea Cycle, #1)","0544084373","I was in too much haste, and now have no time left.","",25,116
25184,"Harper Lee","To Kill a Mockingbird","","You never really understand a person until you consider things from his point of view... Until you climb inside of his skin and walk around in it.","better-life-empathy",18407,117
991,"Harper Lee","To Kill a Mockingbird","","Until I feared I would lose it, I never loved to read. One does not love breathing.","reading",13691,118
6019,"Harper Lee","To Kill a Mockingbird","0060935464","I wanted you to see what real courage is, instead of getting the idea that courage is a man with a gun in his hand. It's when you know you're licked before you begin, but you begin anyway and see it through no matter what.","atticus-finch, courage",8277,119
51301,"Harper Lee","To Kill a Mockingbird","","People generally see what they look for, and hear what they listen for.","",5859,120
221972,"Harper Lee","To Kill a Mockingbird","0060935464","The one thing that doesn't abide by majority rule is a person's conscience.","",4575,121
14473,"Harper Lee","To Kill a Mockingbird","0060935464","Atticus told me to delete the adjectives and I'd have the facts.","writing-advice",4149,122
1213,"Harper Lee","To Kill a Mockingbird","","I think there's just one kind of folks.  Folks.","brotherhood-of-man, people, scout",3688,123
40318,"Harper Lee","To Kill a Mockingbird","0060935464","Sometimes the Bible in the hand of one man is worse than a whisky bottle in the hand of (another)... There are just some kind of men who - who're so busy worrying about the next world they've never learned to live in this one, and you can look down the street and see the results.","bible, god, hatred, judgement, religion",3098,124
2577,"Harper Lee","To Kill a Mockingbird","0060935464","Atticus, he was real nice.""<br/><br/>""Most people are, Scout, when you finally see them.","inspirational",2948,125
9157,"Harper Lee","To Kill a Mockingbird","","They're certainly entitled to think that, and they're entitled to full respect for their opinions... but before I can live with other folks I've got to live with myself.  The one thing that doesn't abide by majority rule is a person's conscience.","integrity",2778,126
12619,"Harper Lee","To Kill a Mockingbird","0060935464","Atticus said to Jem one day, ""I’d rather you shot at tin cans in the backyard, but I know you’ll go after birds.  Shoot all the blue jays you want, if you can hit ‘em, but remember it’s a sin to kill a mockingbird.""  That was the only time I ever heard Atticus say it was a sin to do something, and I asked Miss Maudie about it.  ""Your father’s right,"" she said.  ""Mockingbirds don’t do one thing except make music for us to enjoy.  They don’t eat up people’s gardens, don’t nest in corn cribs, they don’t do one thing but sing their hearts out for us.  That’s why it’s a sin to kill a mockingbird.","scout",2638,127
74445,"Harper Lee","To Kill a Mockingbird","0060935464","As you grow older, you’ll see white men cheat black men every day of your life, but let me tell you something and don’t you forget it—whenever a white man does that to a black man, no matter who he is, how rich he is, or how fine a family he comes from, that white man is trash","racism, respect",2179,128
154700,"Harper Lee","To Kill a Mockingbird","0060935464","Mockingbirds don’t do one thing but make music for us to enjoy. They don’t eat up people’s gardens, don’t nest in corncribs, they don’t do one thing but sing their hearts out for us. That’s why it’s a sin to kill a mockingbird.","mockingbird, sin, wisdom",1857,129
230718,"Harper Lee","To Kill a Mockingbird","0060935464","With him, life was routine; without him, life was unbearable.","love",1644,130
295863,"Harper Lee","To Kill a Mockingbird","0060935464","Real courage is when you know you're licked before you begin, but you begin anyway and see it through no matter what.","character, courage, inspirational, moral-courage, perseverance, tenacity",1589,131
313421,"Harper Lee","To Kill a Mockingbird","0060935464","It’s never an insult to be called what somebody thinks is a bad name. It just shows you how poor that person is, it doesn’t hurt you.","life",1231,132
159442,"Harper Lee","To Kill a Mockingbird","0060935464","When a child asks you something, answer him, for goodness sake. But don't make a production of it. Children are children, but they can spot an evasion faster than adults, and evasion simply muddles 'em.","wisdom",1122,133
68991,"Harper Lee","To Kill a Mockingbird","","If there's just one kind of folks, why can't they get along with each other? If they're all alike, why do they go out of their way to despise each other? Scout, I think I'm beginning to understand something. I think I'm beginning to understand why Boo Radley's stayed shut up in the house all this time. It's because he wants to stay inside.","boo, jem, scout",744,134
270878,"Harper Lee","To Kill a Mockingbird","0060935464","There are just some kind of men who-who're so busy worrying about the next world they've never learned to live in this one, and you can look down the street and see the results.","harper-lee, to-kill-a-mockingbird",589,135
710950,"Harper Lee","To Kill a Mockingbird","0060935464","Are you proud of yourself tonight that you have insulted a total stranger whose circumstances you know nothing about?","atticus-finch, empathy, judgement",454,136
29464,"Harper Lee","To Kill a Mockingbird","","That boy is your company. And if he wants to eat up that tablecloth, you let him, you hear?","",273,137
185403,"Harper Lee","To Kill a Mockingbird","0060935464","I don't want to hear any words like that while I'm here. Scout, you'll get in trouble if you go around saying things like that. You want to grow up to be a lady, don't you?'<br/><br/>I said not particularly.","",175,138
367313,"Harper Lee","To Kill a Mockingbird","0060935464","Some negroes lie, some are immoral, some negro men are not be trusted around women - black and white. But this is a truth that applies to the human race and to no particular race of men.","race, racism, truth",167,139
60233,"Garth Nix","Sabriel (Abhorsen, #1)","0064471837","Does the walker choose the path, or the path the walker?","destiny, path, questioning",1111,140
157140,"Garth Nix","Sabriel (Abhorsen, #1)","0064471837","Touchstone watched, suddenly conscious that he probably only had five seconds left to be alone with Sabriel, to say something, to say anything. Perhaps the last five seconds they ever would have alone together.<br/>I am not afraid, he said to himself.<br/>""I love you,"" he whispered. ""I hope you don't mind.","love, sabriel",313,141
159405,"Garth Nix","Sabriel (Abhorsen, #1)","0064471837","Five Great Charters knit the land<br/>Together linked, hand in hand<br/>One in the people who wear the crown<br/>Two in the folk who keep the Dead down<br/>Three and Five became stone and mortar<br/>Four sees all in frozen water.","",142,142
359566,"Garth Nix","Sabriel (Abhorsen, #1)","0064471837","Fear and realisation of ignorance, strong medicines against stupid pride.","fear, ignorance, inspirational, pride",139,143
522951,"Garth Nix","Sabriel (Abhorsen, #1)","0064471837","Let this be my final lesson. Everyone and everything has a time to die.","",134,144
255190,"Garth Nix","Sabriel (Abhorsen, #1)","0064471837","Death and what came after death was no great mystery to Sabriel. She just wished it was.","death, mystery, wish",82,145
168391,"Garth Nix","Lirael (Abhorsen, #2)","0060590165","Choosers will be beggars if the begging's not their choosing.","",121,146
245893,"Garth Nix","Lirael (Abhorsen, #2)","0060590165","Who or what are you?  Besides insufferably rude?","rude",104,147
159403,"Garth Nix","Lirael (Abhorsen, #2)","0060590165","When the dead do walk seek water's run,<br/>for this the Dead will always shun. <br/>Swift river's best or broadest lake<br/>to ward the dead and have and make.<br/>If water fails thee, fire's thy friend, <br/>if neither guards it will be thy end.","death, lirael",83,148
559656,"Garth Nix","Lirael (Abhorsen, #2)","0060590165","It's always better to be doing.","disreputable-dog, lirael, mogget, sameth",37,149
7937423,"Garth Nix","Lirael (Abhorsen, #2)","0060590165","Coils within coils,” murmured the cat. “Fleas upon fleas, idiots begetting idiots—” <br/><br/>“What?” <br/><br/>“Mmm, just thinking,” whispered Mogget. “You should try it sometimes.","",16,150
7937426,"Garth Nix","Lirael (Abhorsen, #2)","0060590165","Be assured that any hurt to your spirit will pass in time. It is the nature of Death to take, but the nature of Life to give.","death, death-and-dying",14,151
9098050,"Garth Nix","Lirael (Abhorsen, #2)","0061756806","I am the Disreputable Dog. Or Disreputable Bitch, if you want to get technical. When are we going for a walk?","",12,152
10108313,"Garth Nix","Lirael (Abhorsen, #2)","0060590165","Oh, Dog!"" Lirael said plaintively, giving the hound a hug. ""Why is everything so difficult?""<br/>""It just is,"" said the Dog, woofling gently in her ear. ""But sleep will make it seem easier. A new day will bring new sights and smells.","difficulties-of-life, disreputable-dog, sleep, wisdom",10,153
73323,"R. Dawkins","The Blind Watchmaker","0393022161","There is something infantile in the presumption that somebody else has a responsibility to give your life meaning and point… The truly adult view, by contrast, is that our life is as meaningful, as full and as wonderful as we choose to make it.","god, life, meaning, philosophy",77,154
5872,"Richard Dawkins","The Blind Watchmaker: Why the Evidence of Evolution Reveals a Universe Without Design","0141026162","The Bishop goes on to the human eye, asking rhetorically, and with the implication that there is no answer, 'How could an organ so complex evolve?' This is not an argument, it is simply an affirmation of incredulity.","",40,155
5874,"Richard Dawkins","The Blind Watchmaker: Why the Evidence of Evolution Reveals a Universe Without Design","0141026162","The resemblance of the signs of the zodiac to the animals after which they are named... is as unimpressive as the predictions of astrologers.","",24,156
7165824,"Richard Dawkins","The Blind Watchmaker: Why the Evidence of Evolution Reveals a Universe Without Design","0141026162","Evolution has no long-term goal. There is no long-distance target, no final perfection to serve as a criterion for selection, although human vanity cherishes the absurd notion that our species is the final goal of evolution.","darwinism, evolution, natural-selection, teleology",22,157
1023285,"Richard Dawkins","The Blind Watchmaker: Why the Evidence of Evolution Reveals a Universe Without Design","0141966424","In the case of living machinery, the ‘designer’ is unconscious natural selection, the blind watchmaker.","",9,158
9094687,"Richard Dawkins","The Blind Watchmaker: Why the Evidence of Evolution Reveals a Universe Without Design","0141966424","if a design is good enough to evolve once, the same design principle is good enough to evolve twice, from different starting points, in different parts of the animal kingdom.","",4,159
38255,"Ursula K. LeGuin","The Tombs of Atuan (Earthsea Cycle, #2)","0689845367","Freedom is a heavy load, a great and strange burden for the spirit to undertake. It is not easy. It is not a gift given, but a choice made, and the choice may be a hard one. The road goes upward towards the light; but the laden traveler may never reach the end of it.","inspirational",544,160
571653,"Ursula K. Le Guin","The Tombs of Atuan (Earthsea Cycle, #2)","0689845367","Do you know how to read?' <br/>'No. It is one of the black arts.' <br/>He nodded. 'But a useful one,' he said.","",92,161
690107,"Ursula K. Le Guin","The Tombs of Atuan (Earthsea Cycle, #2)","0689845367","The Earth is beautiful, and bright, and kindly, but that is not all. The Earth is also terrible, and dark, and cruel. The rabbit shrieks dying in the green meadows. The mountains clench their great hands full of hidden fire. There are sharks in the sea, and there is cruelty in men’s eyes.","balance, evil, life, nature",105,162
1423513,"Ursula K. Le Guin","The Tombs of Atuan (Earthsea Cycle, #2)","0689845367","A dark hand had let go its lifelong hold upon her heart. But she did not feel joy, as she had in the mountains. She put her head down in her arms and cried, and her cheeks were salt and wet. She cried for the waste of her years in bondage to a useless evil. She wept in pain, because she was free.","earthsea, freedom, tenar, the-tombs-of-atuan",79,163
880540,"Ursula K. Le Guin","The Tombs of Atuan (Earthsea Cycle, #2)","0689845367","How do I know,"" she said at last, ""that you are what you seem to be?""<br/>""You don't,"" Said he. ""I don't know what I seem, to you.","seeming",43,164
7539248,"Ursula K. Le Guin","The Tombs of Atuan (Earthsea Cycle, #2)","0689845367","Pride kept her from confiding in the other girls, and caution kept her from confessing to the older women.","pride, talk",8,165
9626387,"Samin Nosrat","Salt, Fat, Acid, Heat","1476753857","Let all meats—except for the thinnest cuts—come to room temperature before you cook them. The larger the roast, the earlier you can pull it out of the fridge. A rib roast should sit out for several hours, while a chicken needs only a couple,","",6,166
9255581,"Ambrose Bierce","An Occurrence at Owl Creek Bridge","0874068134","He dug his fingers into the sand, threw it over himself in handfuls and audibly blessed it. It looked like diamonds, rubies, emeralds; he could not think of nothing beautiful which it did not resemble.","",4,167
7761504,"Garth Nix","Goldenhand (Abhorsen, #5)","","It is always important to look beyond a pleasant visage.","sanar",9,168
7691030,"Garth Nix","Goldenhand (Abhorsen, #5)","","Might have been and could have done, neither worth thinking on.","huire",10,169
1991665,"Garth Nix","Clariel (Abhorsen, #4)","006156155X","I am a great believer that anything not expressly forbidden is explicitly allowed.","cheeky, mogget",79,170
2948920,"Garth Nix","Clariel (Abhorsen, #4)","","The most important thing is to be true to yourself, however you feel, and not try to feel or behave differently because you think you should, or someone has told you how you must feel. But do think about it. Unexamined feelings lead to all kinds of trouble.","",31,171
3223341,"Garth Nix","Clariel (Abhorsen, #4)","","May I say that I approve of a piece that tries to remake the entire puzzle?","",24,172
6525101,"Garth Nix","Clariel (Abhorsen, #4)","006156155X","A passion thwarted will often go astray.","",14,173
9741606,"Garth Nix","Clariel (Abhorsen, #4)","","Madness is unfortunately not incompatible with government","",6,174
6587782,"Scott  Meyer","An Unwelcome Quest (Magic 2.0, #3)","147787139X","All of the worst books I ever read were published,","",14,175
7288737,"Scott  Meyer","An Unwelcome Quest (Magic 2.0, #3)","147787139X","The guard was clearly puzzled and was trying to solve the puzzle by the time-honored method of frowning about it.","",5,176
6925275,"Scott  Meyer","An Unwelcome Quest (Magic 2.0, #3)","147787139X","Saying you were going to be something isn’t the same as being that thing.","",8,177
7347567,"Scott  Meyer","An Unwelcome Quest (Magic 2.0, #3)","147787139X","The sound of Inchgower unzipping his fly in preparation for “the quench” was cartoonishly loud and out of place. “But he went to the trouble to dig up the sound of a fly unzipping,” Tyler whined. “That’s just great. Never mind that there’s no way a Dark Ages blacksmith would even have a zipper.","",2,178
6722015,"Scott  Meyer","An Unwelcome Quest (Magic 2.0, #3)","147787139X","The wizards from the mid-1990s or later refused to discuss any movies at all for fear of letting slip any details of the Star Wars prequels or the fourth Indiana Jones, a group of works that the later wizards would only refer to by the collective title The Unpleasantness.","",3,179
6722016,"Scott  Meyer","An Unwelcome Quest (Magic 2.0, #3)","147787139X","See, kids, back in Phil’s and my day, if you made a good movie, you took that success and made a different movie, not the same movie over again.","",3,180
7066380,"Scott  Meyer","An Unwelcome Quest (Magic 2.0, #3)","147787139X","At this point in history, people didn’t know how to react to “Eddie, the mysterious wizard from the Orient.” They already had difficulty dealing with Eddie’s thick New Jersey accent.","",1,181
8134987,"Scott  Meyer","An Unwelcome Quest (Magic 2.0, #3)","147787139X","It wasn’t that Gary wasn’t smart. His brain was as good as anyone’s. He just chose to use it sparingly.","",2,182
9522328,"Scott  Meyer","An Unwelcome Quest (Magic 2.0, #3)","147787139X","Trust is a person believing that someone won’t do any of the thousands of awful things that any of us can do to each other.","",1,183
7942825,"Scott  Meyer","An Unwelcome Quest (Magic 2.0, #3)","147787139X","A film festival, during which all three Star Wars prequels and the fourth Indiana Jones movie were all screened back to back, in the name of getting it over with.","",1,184
9098627,"Scott Meyer","Fight and Flight (Magic 2.0, #4)","0986239984","That’s what makes reality reality, the fact that it just keeps being true no matter how much you argue with it.","",3,185
9024280,"Scott Meyer","Fight and Flight (Magic 2.0, #4)","0986239984","Occasionally, ignorance works in one’s favor.","",2,186
9233156,"Scott Meyer","Fight and Flight (Magic 2.0, #4)","0986239984","You need an education, practical experience, and certifications to practice medicine. To be president, all you need is the confidence of most of the people who bothered to vote.","",1,187
8999765,"Scott Meyer","Fight and Flight (Magic 2.0, #4)","0986239984","Everybody lies to children, even their parents. The day a child realizes that is the day they start becoming an adult.","",1,188
9920879,"Scott  Meyer","Fight and Flight (Magic 2.0, #4)","0986239984","I didn’t call you a liar, I just pointed out that you’re lying.","",1,189
9920886,"Scott  Meyer","Fight and Flight (Magic 2.0, #4)","0986239984","Good plans almost never contain the word somehow.","",2,190
10095497,"Scott  Meyer","Fight and Flight (Magic 2.0, #4)","0986239984","You’ll either learn that you like him or you’ll learn that you don’t. Either one of those is good to know.","",2,191
9685907,"Scott  Meyer","Fight and Flight (Magic 2.0, #4)","0986239984","The eight of us have been killed a combined total of sixty-seven times,” Jeff said. “This strikes me as a problem.","",1,192
9022138,"Scott Meyer","Fight and Flight (Magic 2.0, #4)","0986239984","Honor’s face turned bright red. Her knuckles went white. “Yes,” Honor said. “I understand, Mister Gibbons.” Gibbons nodded, making the common mistake of thinking that understanding and agreeing were the same thing.","",1,193
9027773,"Scott Meyer","Fight and Flight (Magic 2.0, #4)","0986239984","Besides, it ain’t an accident that gangs are made up of young men who have nothing. We value our lives little enough to risk them for a little money or a lot of fun.","",1,194
39653,"Ursula K. LeGuin","The Farthest Shore (Earthsea Cycle, #3)","141650964X","This is. And thou art. There is no safety. There is no end. The word must be heard in silence. There must be darkness to see the stars. The dance is always danced above the hollow place, above the terrible abyss.","balance, darkness",244,195
158938,"Ursula K. Le Guin","The Farthest Shore (Earthsea Cycle, #3)","141650964X","A man does not make his destiny:  he accepts it or denies it.","destiny, fate",174,196
215763,"Ursula K. Le Guin","The Farthest Shore (Earthsea Cycle, #3)","141650964X","When I was young, I had to choose between the life of being and the life of doing. And I leapt at the latter like a trout to a fly. But each deed you do, each act, binds you to itself and to its consequences, and makes you act again and yet again. Then very seldom do you come upon a space, a time like this, between act and act, when you may stop and simply be. Or wonder who, after all, you are.","compulsion, destiny, fate",227,197
781254,"Ursula K. Le Guin","The Farthest Shore (Earthsea Cycle, #3)","141650964X","No darkness lasts forever.  And even there, there are stars.","",166,198
283153,"Ursula K. Le Guin","The Farthest Shore (Earthsea Cycle, #3)","141650964X","She'll die.' <br/>'Aye. That's a consequence of being alive.","death, life",78,199
390254,"Ursula K. Le Guin","The Farthest Shore (Earthsea Cycle, #3)","141650964X","For in this love he now felt there was compassion: without which love is untempered, and is not whole, and does not last.","",39,200
6867376,"Ursula K. Le Guin","The Farthest Shore (Earthsea Cycle, #3)","1442480831","To see a candle’s light, one must take it into a dark place.","",40,201
283148,"Ursula K. Le Guin","The Farthest Shore (Earthsea Cycle, #3)","141650964X","You fear them because you fear death, and rightly: for death is terrible and must be feared,' the mage said...'And life is also a terrible thing,' Ged said, 'and must be feared and praised.","death, life",35,202
7387263,"Ursula K. Le Guin","The Farthest Shore (Earthsea Cycle, #3)","1442480831","He was very weary; the day had been long, and full of dragons.","",22,203
1272309,"Ursula K. Le Guin","The Farthest Shore (Earthsea Cycle, #3)","141650964X","In Enlad,"" said Arren after a while, ""we have a story about the boy whose schoolmaster<br/>was a stone:'<br/>""Aye?... What did he learn?""<br/>""Not to ask questions.","",19,204
7800060,"Ursula K. Le Guin","The Farthest Shore (Earthsea Cycle, #3)","141650964X","I am tired of safe places, and roofs, and walls around me.","adventure, restlessness, wanderlust",17,205
7310798,"Ursula K. Le Guin","The Farthest Shore (Earthsea Cycle, #3)","1442480831","I prefer to save talking till I know what I’m talking about.","",18,206
7201945,"Caroline Taggart","A Classical Education: The Stuff You Wish You'd Been Taught in School","","alea iacta est: ‘the die is cast’.","",2,207
10269266,"Scott  Meyer","The Vexed Generation (Magic 2.0 #6)","1950056031","the human condition. The young tend to be disgusted at what they become, and the old have contempt for what they once were.","",1,208
7226599,"Josh Malerman","Bird Box (Bird Box, #1)","","How can she expect her children to dream as big as the stars if they can't lift their heads to gaze upon them?","children, dream, sight, stars",51,209
9030229,"Josh Malerman","Bird Box (Bird Box, #1)","","You are saving their lives for a life not living.","life-death-fear",19,210
7451666,"Josh Malerman","Bird Box","","This,’ Malorie says, placing a bloodied hand on the Girl’s head, ‘this is Olympia.’ The Girl looks at Malorie quickly. She blushes. She smiles. She likes it. ‘And this,’ Malorie says, pressing the Boy to her body, ‘is Tom.’ He grins, shy and happy.","",11,211
9640886,"Josh Malerman","Bird Box (Bird Box #1)","","Your worries only keep you safe long enough to worry some more.","",8,212
10370166,"Jim Butcher","Peace Talks (The Dresden Files, #16)","035651529X","Humans are scared of just about everything. Problem is, their first reaction to be scared- Is to kill it.","reaction",6,213
208544,"John Connolly","The Book of Lost Things (The Book of Lost Things, #1)","0743298853",". . . For a lifetime was but a moment in that place, and each man dreams his own heaven.<br/><br/>And in the darkness David closed his eyes, as all that was lost was found again.","",135,214
287028,"John Connolly","The Book of Lost Things (The Book of Lost Things, #1)","0743298853","Stories <i>wanted</i> to be read, David's mother would whisper. They needed it. It was the reason they forced themselves from their world into ours. They wanted us to give them life.","",91,215
83113,"John Connolly","The Book of Lost Things (The Book of Lost Things, #1)","0743298853","You had evil inside you, and you indulged it. Men will always indulge it.","",66,216
10222140,"Scott  Meyer","Out of Spite, Out of Mind (Magic 2.0 #5)","1950056015","Shooting yourself in the foot has the same effect whether you do it to get out of the army or to kill a mosquito on your shoe.","",1,217
10295869,"Scott  Meyer","Out of Spite, Out of Mind (Magic 2.0 #5)","1950056015","One of the first lessons any modern person learns when they go to live in the distant past is that everyone, including the domestic servants, are much more hard-core than you will ever be.","",1,218
10199455,"Scott  Meyer","Out of Spite, Out of Mind (Magic 2.0 #5)","1950056015","Okay,” Martin shouted. “So I’m meddling! I’m doing it for his own good. Isn’t that what friends do?” Jeff said, “In theory, absolutely not. In practice, yeah, usually.","",1,219
9922228,"Scott  Meyer","Out of Spite, Out of Mind (Magic 2.0 #5)","1950056015","Once, Brit had been amazed that Steve Jobs would allow a product to ship with such an obvious aesthetic flaw, but in time, she realized that Steve Jobs didn’t consider anything that would cause a customer to want to buy a newer computer a flaw.","",1,220
9890264,"Scott  Meyer","Out of Spite, Out of Mind (Magic 2.0 #5)","1950056015","the curtains were drawn just enough to let light in but send the message that the light was not welcome, and had better mind its manners.","",1,221
9655786,"Scott  Meyer","Out of Spite, Out of Mind (Magic 2.0 #5)","1950056015","Jimmy said, “I’d rather you called me his greatest enemy, instead of his worst. Worst implies low quality. You could argue that Gary’s his worst enemy.” Phillip said, “Gary’s my friend.” “Which shows how bad at being an enemy he really is.","",1,222
10043124,"Nir   Eyal","Indistractable: How to Control Your Attention and Choose Your Life","1948836785","The cure for boredom is curiosity. There is no cure for curiosity.","",25,223
10107407,"Nir   Eyal","Indistractable: How to Control Your Attention and Choose Your Life","1948836785","Fun is looking for the variability in something other people don’t notice. It’s breaking through the boredom and monotony to discover its hidden beauty.","",11,224
10225430,"Nir   Eyal","Indistractable: How to Control Your Attention and Choose Your Life","1948836785","Even when we think we’re seeking pleasure, we’re actually driven by the desire to free ourselves from the pain of wanting.","",11,225
10225437,"Nir   Eyal","Indistractable: How to Control Your Attention and Choose Your Life","1948836785","Most people don’t want to acknowledge the uncomfortable truth that distraction is always an unhealthy escape from reality.","",16,226
10041938,"Nir   Eyal","Indistractable: How to Control Your Attention and Choose Your Life","1948836785","He believes that willpower is not a finite resource but instead acts like an emotion. Just as we don’t “run out” of joy or anger, willpower ebbs and flows in response to what’s happening to us and how we feel.","",9,227
10225435,"Nir   Eyal","Indistractable: How to Control Your Attention and Choose Your Life","1948836785","Distraction, it turns out, isn’t about the distraction itself; rather, it’s about how we respond to it.","",6,228
10225705,"Nir   Eyal","Indistractable: How to Control Your Attention and Choose Your Life","1948836785","LOOK FOR THE DISCOMFORT THAT PRECEDES THE DISTRACTION, FOCUSING IN ON THE INTERNAL TRIGGER","",4,229
9366856,"Robin DiAngelo","White Fragility: Why It's So Hard for White People to Talk About Racism","0807047422","It is white people’s responsibility to be less fragile; people of color don’t need to twist themselves into knots trying to navigate us as painlessly as possible.","",107,230
9453126,"Robin DiAngelo","White Fragility: Why It’s So Hard for White People to Talk About Racism","0807047414","I was co-leading a workshop with an African American man. A white participant said to him, ""I don't see race; I don't see you as black."" My co-trainer's response was, ""Then how will you see racism?"" He then explained to her that he was black, he was confident that she could see this, and that his race meant that he had a very different experience in life than she did. If she were ever going to understand or challenge racism, she would need to acknowledge this difference. Pretending that she did not noticed that he was black was not helpful to him in any way, as it denied his reality - indeed, it refused his reality - and kept hers insular and unchallenged. This pretense that she did not notice his race assumed that he was ""just like her,"" and in so doing, she projected her reality onto him. For example, I feel welcome at work so you must too; I have never felt that my race mattered, so you must feel that yours doesn't either. But of course, we do see the race of other people, and race holds deep social meaning for us.","colorblind-racism, denial-of-racism, racism, white-fragility, whiteness",66,231
9714197,"Robin DiAngelo","White Fragility: Why It's So Hard for White People to Talk About Racism","0807047422","The simplistic idea that racism is limited to individual intentional acts committed by unkind people is at the root of virtually all white defensiveness on this topic.","",66,232
9339367,"Robin DiAngelo","White Fragility: Why It's So Hard for White People to Talk About Racism","0807047422","The key to moving forward is what we do with our discomfort. We can use it as a door out—blame the messenger and disregard the message. Or we can use it as a door in by asking, Why does this unsettle me? What would it mean for me if this were true?","",55,233
9555892,"Robin DiAngelo","White Fragility: Why It’s So Hard for White People to Talk About Racism","0807047414","If I believe that only bad people are racist, I will feel hurt, offended, and shamed when an unaware racist assumption of mine is pointed out. If I instead believe that having racist assumptions is inevitable (but possible to change), I will feel gratitude when an unaware racist assumption is pointed out; now I am aware of and can change that assumption.","",51,234
9510246,"Robin DiAngelo","White Fragility: Why It's So Hard for White People to Talk About Racism","0807047422","While implicit bias is always at play because all humans have bias, inequity can occur simply through homogeneity; if I am not aware of the barriers you face, then I won’t see them, much less be motivated to remove them. Nor will I be motivated to remove the barriers if they provide an advantage to which I feel entitled.","",29,235
9698793,"Robin DiAngelo","White Fragility: Why It's So Hard for White People to Talk About Racism","0807071161","Race scholars use the term white supremacy to describe a sociopolitical economic system of domination based on racial categories that benefits those defined and perceived as white. This system of structural power privileges, centralizes, and elevates white people as a group. If, for example, we look at the racial breakdown of the people who control our institutions, we see telling numbers in 2016–2017:<br/><br/>- Ten richest Americans: 100 percent white (seven of whom are among the ten richest in the world)<br/>- US Congress: 90 percent white<br/>- US governors: 96 percent white<br/>- Top military advisers: 100 percent white<br/>- President and vice president: 100 percent white<br/>- US House Freedom Caucus: 99 percent white<br/>- Current US presidential cabinet: 91 percent white<br/>- People who decide which TV shows we see: 93 percent white<br/>- People who decide which books we read: 90 percent white<br/>- People who decide which news is covered: 85 percent white<br/>- People who decide which music is produced: 95 percent white<br/>- People who directed the one hundred top-grossing films of all time, worldwide: 95 percent white<br/>- Teachers: 82 percent white<br/>- Full-time college professors: 84 percent white<br/>- Owners of men’s professional football teams: 97 percent white<br/><br/>	These numbers are not describing minor organizations. Nor are these institutions special-interest groups. The groups listed above are the most powerful in the country. These numbers are not a matter of “good people” versus “bad people.” They represent power and control by a racial group that is in the position to disseminate and protect its own self-image, worldview, and interests across the entire society.","",34,236
1270618,"Noam Chomsky","On Anarchism (Penguin Special)","","power that isn’t really justified by the will of the governed should be dismantled.","",21,237
1232886,"Noam Chomsky","Chomsky On Anarchism","1904859208","[A]s long as individuals are compelled to rent themselves on the market to those who are willing to hire them, as long as their role in production is simply that of ancillary tools, then there are striking elements of coercion and oppression that make talk of democracy very limited, if meaningful.","capitalism, democracy",20,238
9677292,"Noam Chomsky","Chomsky On Anarchism","1904859208","If capital is privately controlled, then people are going to have to sell themselves in order to survive. Now, you can say, ""they rent themselves freely, it's a free contract"" - but that's a joke. If your choice is, ""do what I tell you or starve"", that's not a choice - it's infact what was commonly referred to as 'wage slavery' in more civilized times, like the eighteenth and nineteenth centuries.","anarchism",9,239
7290240,"Noam Chomsky","On Anarchism","1595589511","I think that’s a terrific technique of propaganda. To impose concision is a way of virtually guaranteeing that the party line gets repeated over and over again, and that nothing else is heard.","",6,240
7289356,"Noam Chomsky","On Anarchism","1595589511","the basic principle I would like to see communicated to people is the idea that every form of authority and domination and hierarchy, every authoritarian structure, has to prove that it’s justified—it has no prior justification. For instance, when you stop your five-year-old kid from trying to cross the street, that’s an authoritarian situation: it’s got to be justified. Well, in that case, I think you can give a justification. But the burden of proof for any exercise of authority is always on the person exercising it—invariably.","",5,241
8806167,"Noam Chomsky","On Anarchism","1595589511","I’m quoting, so pardon the sexist language, but somewhere or other he said: socialism is an effort to try to solve man’s animal problems, and after having solved the animal problems, then we can face the human problems—but it’s not a part of socialism to solve the human problems; socialism is an effort to get you to the point where you can face the human problems","",3,242
254266,"Martine Leavitt","Keturah and Lord Death","1932425292","Tell me what it is like to die,"" I answered.<br/> He dismounted from his horse, looking at me strangely the whole while. ""You experience something similar every day,"" he said softly. ""It is as familiar to you as bread and butter.""<br/> ""Yes,"" I said. ""It is like every night when I fall asleep.""<br/> ""No. It is like every morning when you wake up.","death",203,243
402584,"Martine Leavitt","Keturah and Lord Death","1932425292","It is life that hurts you not death.","death, keturah-and-lord-death, martine-leavitt",80,244
505663,"Martine Leavitt","Keturah and Lord Death","1932425292","Papa loves you with a dying and infernal love,"" the youngest girl said.<br/>""Undying,"" the eldest girl corrected. ""And eternal.","humor",19,245
722307,"Trudi Canavan","The Magician's Apprentice (Black Magician, #0.5)","0316037885","If your appearance is all people see, they have no respect for your mind.","",32,246
722304,"Trudi Canavan","The Magician's Apprentice (Black Magician, #0.5)","0316037885","Cold, truthful common sense was harder to like than warm, hopeful generosity.","",14,247
6393698,"Trudi Canavan","The Magician's Apprentice (Black Magician, #0.5)","0316037885","The right rumour in the right ears can kill the emperor, as they say.","tavara, the-magicians-apprentice, trudi-canavan",10,248
237439,"Stephen King","It","","We lie best when we lie to ourselves.","",1562,249
774702,"Trudi Canavan","Last of the Wilds (Age of the Five, #2)","0060815914","Though I can’t help feeling a sudden death cheats you of something. Death is an experience of life. You only get one death. I would like to be aware it was happening, even if that did mean enduring pain and fear.","reivan",13,250
992969,"Trudi Canavan","Priestess of the White (Age of the Five, #1)","0060815701","Happy endings are a luxury of fiction.","trudi-canavan, truefacts",500,251
90634,"John  Williams","Stoner","1590171993","Sometimes, immersed in his books, there would come to him the awareness of all that he did not know, of all that he had not read; and the serenity for which he labored was shattered as he realized the little time he had in life to read so much, to learn what he had to know.","",1157,252
661405,"John  Williams","Stoner","1590171993","In his forty-third year William Stoner learned what others, much younger, had learned before him: that the person one loves at first is not the person one loves at last, and that love is not an end but a process through which one person attempts to know another.","growth, love",897,253
661407,"John  Williams","Stoner","1590171993","In his extreme youth Stoner had thought of love as an absolute state of being to which, if one were lucky, one might find access; in his maturity he had decided it was the heaven of a false religion, toward which one ought to gaze with an amused disbelief, a gently familiar contempt, and an embarrassed nostalgia. Now in his middle age he began to know that it was neither a state of grace nor an illusion; he saw it as a human act of becoming, a condition that was invented and modified moment by moment and day by day, by the will and the intelligence and the heart.","growth, love, maturity",595,254
831834,"John  Williams","Stoner","1590171993","You must remember what you are and what you have chosen to become, and the significance of what you are doing. There are wars and defeats and victories of the human race that are not military and that are not recorded in the annals of history. Remember that while you're trying to decide what to do.","archer-sloane, food-for-thought, life-lessons, self-acceptance, self-knowledge",468,255
647868,"John  Williams","Stoner","1590171993","A war doesn’t merely kill off a few thousand or a few hundred thousand young men. It kills off something in a people that can never be brought back. And if a people goes through enough wars, pretty soon all that’s left is the brute, the creature that we—you and I and others like us—have brought up from the slime.","war",218,256
1099636,"John  Williams","Stoner","1590171993","He had come to that moment in his age when there occurred to him, with increasing intensity, a question of such overwhelming simplicity that he had no means to face it. He found himself wondering if his life were worth the living; if it had ever been. It was a question, he suspected, that came to all men at one time or another; he wondered if it came to them with such impersonal force as it came to him. The question brought with it a sadness, but it was a general sadness which (he thought) had little to do with himself or with his particular fate; he was not even sure that the question sprang from the most immediate and obvious causes, from what his own life had become. It came, he believed, from the accretion of his years, from the density of accident and circumstance, and from what he had come to understand of them. He took a grim and ironic pleasure from the possibility that what little learning he had managed to acquire had led him to this knowledge: that in the long run all things, even the learning that let him know this, were futile and empty, and at last diminished into a nothingness they did not alter.","age, being, futility, knowledge, life, living, nothingness",214,257
798616,"John  Williams","Stoner","1590171993","He was forty-two years old, and he could see nothing before him that he wished to enjoy and little behind him that he cared to remember.","",154,258
945815,"John  Williams","Stoner","1590171993","He had, in odd ways, given it to every moment of his life, and had perhaps given it most fully when he was unaware of his giving. It was a passion neither of the mind nor of the flesh; rather, it was a force that comprehended them both, as if they were but the matter of love, its specific substance. To a woman or to a poem, it said simply: Look! I am alive.","",103,259
982401,"John  Williams","Stoner","1590171993","Nothing had changed. Their lives had been expended in the cheerless labor, their wills broken, their intelligences numbed. Now they were in the earth to which they had given their lives; and slowly, year by year, the earth would take them. Slowly the damp and rot would infest the pine boxes which held their bodies, and slowly it would touch their flesh and finally it would consume the last vestiges of their substances. And they would become a meaningless part of that stubborn earth to which they had long ago given themselves.","",91,260
6565065,"John  Williams","Stoner","1590171993","Like many men who consider their success incomplete, he was extraordinarily vain and consumed with a sense of his own importance.","self-importance",14,261
6932485,"John  Williams","Stoner","1590171993","She was, as she had said, almost happy with her despair, drinking a little more, year by year, numbing herself against the nothingness her life had become. He was glad she had that, at least; he was grateful that she could drink.","",17,262
275905,"R.A. Salvatore","Sojourn (Forgotten Realms: The Dark Elf Trilogy, #3; Legend of Drizzt, #3)","1560760478","It is better, I think, to grab at the stars than to sit flustered because you know you cannot reach them.","",2604,263
10799370,"Josh Malerman","Malorie","1409193152","But a madman at ease is safer than a sane woman unsettled.","",6,264
7549548,"Clifford D. Simak","Way Station","","And yet he had learned to submerge that sense of horror, to disregard the outward appearance of it, to regard all life as brother life, to meet all things as people.","",9,265
823114,"Arthur C. Clarke","Rendezvous with Rama (Rama, #1)","1857231589","When in doubt, say nothing and move on.","",58,266
289439,"Arthur C. Clarke","Rendezvous with Rama (Rama, #1)","1857231589","If such a thing had happened once, it must surely have happened many times in this galaxy of a hundred billion suns.","sci-fii",43,267
801638,"Arthur C. Clarke","Rendezvous with Rama (Rama, #1)","1857231589","Even by the twenty-second century, no way had yet been discovered of keeping elderly and conservative scientists from occupying crucial administrative positions.  Indeed, it was doubted if the problem ever would be solved.","academia, administration, bureaucracy",37,268
801635,"Arthur C. Clarke","Rendezvous with Rama (Rama, #1)","1857231589","The meteorites of 1908 and 1947 had struck uninhabited wilderness; but by the end of the twenty-first century there was no region left on Earth that could be safely used for celestial target practice.","cosmos, meteors, population-density, space",11,269
1106902,"Arthur C. Clarke","Rendezvous with Rama (Rama, #1)","1857231589","And on far-off Earth, Dr. Carlisle Perera had as yet told no one how he had wakened from a restless sleep with the message from his subconscious still echoing in his brain: The Ramans do everything in threes.","",14,270
152634,"Daniel Quinn","Ishmael: An Adventure of the Mind and Spirit (Ishmael, #1)","0553375407","I have amazing news for you. Man is not alone on this planet. He is part of a community, upon which he depends absolutely.","",191,271
276618,"Daniel Quinn","Ishmael: An Adventure of the Mind and Spirit (Ishmael, #1)","0553375407","It's the idea that people living close to nature tend to be noble. It's seeing all those sunsets that does it. You can't watch a sunset and then go off and set fire to your neighbor's tepee. Living close to nature is wonderful for your mental health.","closeness-to-nature, humanity, humor, nature",168,272
295933,"Daniel Quinn","Ishmael: An Adventure of the Mind and Spirit (Ishmael, #1)","0553375407","The premise of the Taker story is 'the world belongs to man'. … The premise of the Leaver story is 'man belongs to the world'.","civilization, philosophy",122,273
354569,"Daniel Quinn","Ishmael: An Adventure of the Mind and Spirit (Ishmael, #1)","0553375407","Do you see the slightest evidence anywhere in the universe that creation came to an end with the birth of man? Do you see the slightest evidence anywhere out there that man was the climax toward which creation had been straining from the beginning? ...Very far from it. The universe went on as before, the planet went on as before. Man's appearance caused no more stir than the appearance of jellyfish.","evolution, philosophy",82,274
295923,"Daniel Quinn","Ishmael: An Adventure of the Mind and Spirit (Ishmael, #1)","0553375407","[A]ny species that exempts itself from the rules of competition ends up destroying the community in order to support its own expansion.","ecology, exploitation, philosophy",54,275
853685,"Daniel Quinn","Ishmael: An Adventure of the Mind and Spirit (Ishmael, #1)","0553375407","But charisma only wins people’s attention. Once you have their attention, you have to have something to tell them.","charisma",42,276
1279078,"Brian  McClellan","The Crimson Campaign (Powder Mage, #2)","0356502023","Even if you are a pompous ass with no respect for authority, you're worth fifty men, and I mean to see you in my army.""<br/><br/>""That was an incredibly backhanded compliment.""<br/><br/>""I meant every word.","",21,277
1537038,"Brian  McClellan","The Crimson Campaign (Powder Mage, #2)","0316219096","First rule of bathing,” Gavril said. “If you can’t smell yourself anymore, it’s time to wash.","",17,278
1235569,"Brian  McClellan","The Crimson Campaign (Powder Mage, #2)","0316219096","I have the feeling you would much rather be on the front than in Adopest trying to win over the snakes in politics. At least here you’re allowed to shoot your enemies.","",10,279
7148507,"Brian  McClellan","The Crimson Campaign (Powder Mage, #2)","0316219096","There is nothing that will make a man more desperate and more capable of violence than endangering his family.","",9,280
7174857,"Brian  McClellan","The Crimson Campaign (Powder Mage, #2)","0356502023","He took my family,” Adamat said. “Blackmailed me, and he still has my wife and oldest son. I want to get them back, and then kill him slowly.”<br/>“A lot of violence planned, for a family man,” the eunuch said.<br/>Adamat leaned forward. “‘Family,’” he said. “Remember that word. There is nothing that will make a man more desperate and more capable of violence than endangering his family.","dangerous-people, family, revenge",4,281
8913262,"Andy Weir","Artemis","","On a scale from one to ‘invade Russia in winter,’ how stupid is this plan?","",120,282
9137216,"Adam Kay","This is Going to Hurt: Secret Diaries of a Junior Doctor","","Her extremely posh eight year-old asks her a question about the economy (!), and before she answers it, she asks her extremely posh five year-old ""Do you know what the economy is, darling?""<br/><br/>""Yes mummy, it's the part of the plane that's terrible"". <br/><br/>This is how revolutions start.","",107,283
9406512,"Adam  Kay","This is Going to Hurt: Secret Diaries of a Junior Doctor","","So I told them the truth: the hours are terrible, the pay is terrible, the conditions are terrible; you’re underappreciated, unsupported, disrespected and frequently physically endangered. But there’s no better job in the world.","",131,284
9657492,"Adam  Kay","This is Going to Hurt: Secret Diaries of a Junior Doctor","","You don’t cure depression, the same way you don’t cure asthma; you manage it. I’m the inhaler he’s decided to go with and I should be pleased he’s gone this long without an attack.","",62,285
9797767,"Adam  Kay","This is Going to Hurt: Secret Diaries of a Junior Doctor","","I notice that every patient on the ward has a pulse of 60 recorded in their observation chart so I surreptitiously inspect the healthcare assistant’s measurement technique. He feels the patient’s pulse, looks at his watch and meticulously counts the number of seconds per minute.","",43,286
9398026,"Adam  Kay","This is Going to Hurt: Secret Diaries of a Junior Doctor","","Tuesday, 5 July 2005 Trying to work out a seventy-year-old lady’s alcohol consumption to record in the notes. I’ve established that wine is her poison. Me: ‘And how much wine do you drink per day, would you say?’ Patient: ‘About three bottles on a good day.’ Me: ‘OK . . . And on a bad day?’ Patient: ‘On a bad day I only manage one.","",24,287
9325580,"Adam Kay","This Is Going To Hurt","1529005019","Tuesday, 9th Novermber 2004<br/>Bleeped awake at 3AM from my first half hour shut-eye in three shifts to prescribe a sleeping pill to a patient whose sleep is evidently much more important than mine. My powers are greater than I realised; I arrive on the ward to find the patient is asleep.","doctor",21,288
9770649,"Adam  Kay","This is Going to Hurt: Secret Diaries of a Junior Doctor","","I’ve not sat down for twelve hours, let alone rested my eyes, my dinner’s sitting uneaten in my locker and I’ve just called a midwife ‘Mum’ by accident.","",16,289
8966267,"Andrew Rowe","Sufficiently Advanced Magic (Arcane Ascension, #1)","","Headaches from using my attunement? I could deal with them. Existential terror at the possibility of destroying my own mind? Pretty much routine at this point. <br/>Doing paperwork for the government? <br/>Now that was brutal.","",24,290
9222240,"Andrew Rowe","Sufficiently Advanced Magic (Arcane Ascension, #1)","","Does he always try to solve problems by making bigger ones?"" <br/>Orden nodded sagely, ""That would sum up Corin's problem solving methodology quite appropriately","",7,291
8872171,"Andrew Rowe","Sufficiently Advanced Magic (Arcane Ascension, #1)","","For the future, please promise me you will not make any life-altering oaths in order to influence my love life.","",4,292
10565823,"Andrew Rowe","Sufficiently Advanced Magic (Arcane Ascension, #1)","","Nailing my door shut at night wasn't exactly elegant, but it was a pretty effective deterrent.","humor",3,293
9318313,"Andrew Rowe","On the Shoulders of Titans (Arcane Ascension, #2)","","Sometimes the world’s most brilliant ideas don’t work. Doesn’t make them any less insightful.","",12,294
9718941,"Andrew Rowe","On the Shoulders of Titans (Arcane Ascension, #2)","","I didn’t want, “Healing magic didn’t seem like a priority,” to be my final words.","",6,295
10637941,"Andrew Rowe","The Torch that Ignites the Stars (Arcane Ascension, #3)","","everyone who exists is mentally compromised. We all accumulate false information over time, internalize it, and are influenced by it, consciously or otherwise. We are, in part, a product of these biases, as well as all other information we gather in our lifetimes.","",7,296
6587245,"V.E. Schwab","A Darker Shade of Magic (Shades of Magic, #1)","0765376458","I'd rather die on an adventure than live standing still.","",2847,297
6570803,"V.E. Schwab","A Darker Shade of Magic (Shades of Magic, #1)","0765376458","I'm not going to die,"" she said. ""Not till I've seen it.""<br/>""Seen what?""<br/>Her smile widened. ""Everything.","kell, lila",1888,298
281737,"Cassandra Clare","Clockwork Angel (The Infernal Devices, #1)","1416975861","Only the very weak-minded refuse to be influenced by literature and poetry.","books, literature, philosphy, poetry, reading",15862,299
8718956,"Travis Bagwell","Catharsis (Awaken Online #1)","","He could live without furniture and on a ramen-only diet, but he needed more bandwidth. ","",2,300
9888845,"Travis Bagwell","Precipice (Awaken Online, #2)","","When someone hurts you like that, you don’t just heal immediately.  It’s a breach of trust that makes you question everything and everyone else in your life.  It makes you re-examine your friends and family under a microscope.","",2,301
9509657,"Travis Bagwell","Precipice (Awaken Online, #2)","","I guess what I’m saying is that trust is difficult.  I don’t know your friends’ situation or what they’re going through, but even small betrayals can feel like heavy blows if you’re already bruised and bloody,” Angie explained quietly.  “I’m not sure this helps,” she added with a soft chuckle.  “It’s probably just the prattling of an old woman.","",2,302
7115495,"Naomi Novik","Uprooted","0804179034","I was a glaring blot on the perfection. But I didn't care: I didn't feel I owed him beauty.","",183,303
6533673,"Brian  McClellan","The Autumn Republic (Powder Mage, #3)","031621910X","I would die for my country. But I’d rather kill for it. Ready your troops. We march!","",32,304
7265015,"Brian  McClellan","The Autumn Republic (Powder Mage, #3)","031621910X","I’ve met dozens of officers who think their immaculate mustache can move the world.","",9,305
1467382,"Fredrik Backman","A Man Called Ove","1476738017","We always think there's enough time to do things with other people. Time to say things to them. And then something happens and then we stand there holding on to words like 'if'.","",1357,306
7375102,"Fredrik Backman","A Man Called Ove","1476738017","Men are what they are because of what they do. Not what they say.","",622,307
7015814,"Fredrik Backman","A Man Called Ove","","But if anyone had asked, he would have told them that he never lived before he met her. And not after either.","",214,308
6809914,"Fredrik Backman","A Man Called Ove","","One of the most painful moments in a person’s life probably comes with the insight that an age has been reached when there is more to look back on than ahead.","",180,309
165637,"Ernest Hemingway","The Old Man and the Sea","0684830493","Every day is a new day. It is better to be lucky. But I would rather be exact. Then when luck comes you are ready.","",2767,310
140738,"Ernest Hemingway","The Old Man and the Sea","0684830493","I may not be as stong as I think, but I know many tricks and I have resolution.","",434,311
25756,"Jon Krakauer","Into the Wild","0385486804","I now walk into the wild.","",1325,312
95360,"Jon Krakauer","Into the Wild","0385486804","Mr. Franz, I think careers are a 20th century invention and I don't want one.","inspirational",533,313
10539972,"Charlie N. Holmberg","Spellbreaker (Spellbreaker Duology, #1)","1542020107","Bacchus let his impatience drain down his arms and into his hands, where he crushed it with tight fists.","",1,314
10250455,"V.E. Schwab","The Invisible Life of Addie LaRue","0765387565","Books, she has found, are a way to live a thousand lives--or to find strength in a very long one.","",3412,315
10507383,"V.E. Schwab","The Invisible Life of Addie LaRue","1785652516","I remember seeing that picture and realizing that photographs weren’t real. There’s no context, just the illusion that you’re showing a snapshot of a life, but life isn’t snapshots, it’s fluid. So photos are like fictions. I loved that about them. Everyone thinks photography is truth, but it’s just a very convincing lie.","",283,316
10549808,"V.E. Schwab","The Invisible Life of Addie LaRue","0765387565","That time always ends a second before you’re ready.<br/><br/>That life is the minutes you want minus one.","",453,317
10531618,"V.E. Schwab","The Invisible Life of Addie LaRue","0765387565","Déjà vu. Déjà su. Déjà vécu. </i>","",283,318
10566819,"V.E. Schwab","The Invisible Life of Addie LaRue","0765387565","It was just so...permanent.<br/>Choosing a class became choosing a discipline, and choosing a discipline became choosing a career, and choosing a career became choosing a life, and how was anyone supposed to do that, when you only had one?","",82,319
775518,"Arthur C. Clarke","2001: A Space Odyssey (Space Odyssey, #1)","","It was the mark of a barbarian to destroy something one could not understand.","",217,320
910008,"Arthur C. Clarke","2001: A Space Odyssey (Space Odyssey, #1)","","Unlike the animals, who knew only the present, Man had acquired a past; and he was beginning to grope toward a future.","time-humanity",38,321
10854956,"John Green","The Anthropocene Reviewed: Essays on a Human-Centered Planet","0525555218","One of the strange things about adulthood is that you are your current self, but you are also all the selves you used to be, the ones you grew out of but can't ever quite get rid of.","adulthood, aging, growing-up, selfhood",390,322
10829315,"John Green","The Anthropocene Reviewed","1473594030","I am thoughtful—full of thoughts, all the time, inescapably, exhaustingly. But I am also mindless—acting in accordance with default settings I neither understand nor examine.","",178,323
10854870,"John Green","The Anthropocene Reviewed: Essays on a Human-Centered Planet","0525555218","We can talk and talk and talk about what the pain is like, but we can never manage to convey what it is.","pain",77,324
10857747,"John Green","The Anthropocene Reviewed: Essays on a Human-Centered Planet","0525555218","Maybe we forget so that we can go on.","forget, memory, self-preservation",71,325
10826979,"John Green","The Anthropocene Reviewed: Essays on a Human-Centered Planet","","Gatsby is a critique of the American Dream. The only people who end up rich or successful in the novel are the ones who start out that way. Almost everyone else ends up dead or destitute. And it’s a critique of the kind of vapid capitalism that can’t find anything more interesting to do with money than try to make more of it. The book lays bare the carelessness of the entitled rich—the kind of people who buy puppies but won’t take care of dogs, or who purchase vast libraries of books but never read any of them.","",43,326
10906484,"John Green","The Anthropocene Reviewed: Essays on a Human-Centered Planet","0525555218","I think it's helpful to know how sunsets work. I don't buy the romantic notion that scientific understanding somehow robs the universe of its beauty, but I still can't find language to describe how breathtakingly beautiful sunsets are--not breathtakingly, actually, but breath-givingly beautiful. All I can say is that sometimes when the world is between  day and night, I'm stopped cold by its splendor, and I feel my absurd smallness. You'd think that would be sad, but it isn't. It only makes me grateful.","",103,327
311772,"Steve Moore","V for Vendetta","1416516999","There is a face beneath this mask, but it isn't me. I'm no more that face than I am the muscles beneath it, or the bones beneath that.","avatar, beauty, beauty-is-not-skin-deep, burka, burqa, hijab, mask, niqab, superficial-beauty, true-beauty",316,328
7086007,"Steve Moore","V for Vendetta","1416516999","Ideas are bulletproof","freedom, ideas",13,329
677903,"Richard Matheson","I Am Legend","1857988094","What would a Mohammedan vampire do if faced with a cross?","humor, vampire",25,330
723720,"Richard Matheson","I Am Legend","1857988094","No longer will you be a weird Robinson Crusoe, imprisoned on an island of night surrounded by oceans of death.","",25,331
8007869,"Richard Matheson","I Am Legend","1857988094","He brushed his teeth carefully and used dental floss.  He tried to take good care of his teeth because he was his own dentist now.  Some things could go to pot, but not his health, he thought.  Then why don’t you stop pouring alcohol into yourself? he thought.  Why don’t you shut the hell up? he thought.","",10,332
20603,"Patrick Rothfuss","The Name of the Wind (The Kingkiller Chronicle, #1)","075640407X","It's like everyone tells a story about themselves inside their own head. Always. All the time. That story makes you what you are. We build ourselves out of that story.","identity, self-image, sense-of-self, stories, storytelling",5357,333
28266,"Patrick Rothfuss","The Name of the Wind (The Kingkiller Chronicle, #1)","075640407X","Words are pale shadows of forgotten names. As names have power, words have power. Words can light fires in the minds of men. Words can wring tears from the hardest hearts.","description, language, power-of-words, words",3990,334
156661,"Patrick Rothfuss","The Name of the Wind (The Kingkiller Chronicle, #1)","075640407X","Perhaps the greatest faculty our minds possess is the ability to cope with pain. Classic thinking teaches us of the four doors of the mind, which everyone moves through according to their need.<br/><br/>First is the door of sleep. Sleep offers us a retreat from the world and all its pain. Sleep marks passing time, giving us distance from the things that have hurt us. When a person is wounded they will often fall unconscious. Similarly, someone who hears traumatic news will often swoon or faint. This is the mind's way of protecting itself from pain by stepping through the first door.<br/><br/>Second is the door of forgetting. Some wounds are too deep to heal, or too deep to heal quickly. In addition, many memories are simply painful, and there is no healing to be done. The saying 'time heals all wounds' is false. Time heals most wounds. The rest are hidden behind this door.<br/><br/>Third is the door of madness. There are times when the mind is dealt such a blow it hides itself in insanity. While this may not seem beneficial, it is. There are times when reality is nothing but pain, and to escape that pain the mind must leave reality behind. <br/><br/>Last is the door of death. The final resort. Nothing can hurt us after we are dead, or so we have been told.","fantasy, psychology",3852,335
94979,"Patrick Rothfuss","The Name of the Wind (The Kingkiller Chronicle, #1)","075640407X","When we are children we seldom think of the future.  This innocence leaves us free to enjoy ourselves as few adults can.  The day we fret about the future is the day we leave our childhood behind.","childhood, growing-up, innocence",2508,336
348276,"Patrick Rothfuss","The Name of the Wind (The Kingkiller Chronicle, #1)","075640407X","We understand how dangerous a mask can be.  We all become what we pretend to be.","masks, pretending, pretense",2023,337
297927,"Patrick Rothfuss","The Name of the Wind (The Kingkiller Chronicle, #1)","075640407X","Call a jack a jack. Call a spade a spade. But always call a whore a lady. Their lives are hard enough, and it never hurts to be polite.","labels, manners",1831,338
155428,"Patrick Rothfuss","The Name of the Wind (The Kingkiller Chronicle, #1)","075640407X","You have to be a bit of a liar to tell a story the right way.","",1542,339
161323,"Patrick Rothfuss","The Name of the Wind (The Kingkiller Chronicle, #1)","075640407X","My parents danced together, her head on his chest. Both had their eyes closed. They seemed so perfectly content. If you can find someone like that, someone who you can hold and close your eyes to the world with, then you're lucky. Even if it only lasts for a minute or a day. The image of them gently swaying to the music is how I picture love in my mind even after all these years.","love",1169,340
348284,"Patrick Rothfuss","The Name of the Wind (The Kingkiller Chronicle, #1)","075640407X","The best lies about me are the ones <i>I</i> told.","lies, lying, self-deception, tricksters",1081,341
259947,"Patrick Rothfuss","The Name of the Wind (The Kingkiller Chronicle, #1)","075640407X","Only priests and fools are fearless and I've never been on the best of terms with God.","fear, religion",667,342
150591,"Patrick Rothfuss","The Name of the Wind (The Kingkiller Chronicle, #1)","075640407X","The boy grows upward, but the girl grows up.","",607,343
244717,"Patrick Rothfuss","The Name of the Wind (The Kingkiller Chronicle, #1)","075640407X","It gets tiresome being spoken to as if you are a child, even if you happen to be one.","",523,344
342954,"Patrick Rothfuss","The Name of the Wind (The Kingkiller Chronicle, #1)","075640407X","You lack the requisite spine and testicular fortitude to study under me.","",446,345
272303,"Patrick Rothfuss","The Name of the Wind (The Kingkiller Chronicle, #1)","075640407X","Just pity him, my boy. Tomorrow we'll be on our way, but he'll have to keep his own disagreeable company until the day he dies.","",435,346
80295,"Patrick Rothfuss","The Name of the Wind (The Kingkiller Chronicle, #1)","075640407X","When the hearthfire turns to blue,<br/>what to do? what to do?<br/>run outside, run and hide<br/><br/>when his eyes are black as crow?<br/>where to go? where to go?<br/>near and far. Here they are.<br/><br/>see a man without a face?<br/>move like ghosts from place to place.<br/>whats their plan? whats their plan?<br/>Chandrian. Chandrian","",352,347
413713,"Patrick Rothfuss","The Name of the Wind (The Kingkiller Chronicle, #1)","075640407X","There are two sure ways to lose a friend, one is to borrow, the other is to lend.","",342,348
415208,"Patrick Rothfuss","The Name of the Wind (The Kingkiller Chronicle, #1)","075640407X","Too much truth confuses the facts. Too much honesty makes you sound insincere","",281,349
218152,"Patrick Rothfuss","The Name of the Wind (The Kingkiller Chronicle, #1)","075640407X","Anger can keep you warm at night, and wounded pride can spur a man to wondrous things.","",256,350
429369,"Patrick Rothfuss","The Name of the Wind (The Kingkiller Chronicle, #1)","075640407X","Owls are wise. They are careful and patient. Wisdom precludes boldness. That is why owls make poor heroes.","auri",255,351
377479,"Patrick Rothfuss","The Name of the Wind (The Kingkiller Chronicle, #1)","075640407X","Remember this, son, if you forget everything else. A poet is a musician who can't sing. Words have to find a man's mind before they can touch his heart, and some men's minds are woeful small targets. Music touches their hearts directly no matter how small or stubborn the mind of the man who listens.","",228,352
112029,"Patrick Rothfuss","The Name of the Wind (The Kingkiller Chronicle, #1)","075640407X","If you are eager to find the reason I became the Kvothe they tell stories about, you could look there, I suppose.""<br/>Chronicler's forehead wrinkled. ""What do you mean, exactly?""<br/>Kvothe paused for a long moment, looking down at his hands. ""Do you know how many times I've been beaten over the course of my life?""<br/>Chronicler shook his head.<br/>Looking up, Kvothe grinned and tossed his shoulders in a nonchalant shrug. ""Neither do I. You'd think that sort of thing would stick in a person's mind. You'd think I would remember how many bones I've had broken. You'd think I'd remember the stitches and bandages."" He shook his head. ""I don't. I remember that young boy sobbing in the dark. Clear as a bell after all these years.""<br/>Chronicler frowned. ""You said yourself that there was nothing you could have done.""<br/>""I could have,"" Kvothe said seriously, ""and I didn't. I made my choice and I regret it to this day. Bones mend. Regret stays with you forever.","path, sad-but-true, sword-sentiments",202,353
619949,"Patrick Rothfuss","The Name of the Wind (The Kingkiller Chronicle, #1)","075640407X","He was giving me enough rope to hang myself with. Apparently he didn't realize that once a noose is tied it will fit one neck as easily as another.","",190,354
112300,"Patrick Rothfuss","The Name of the Wind (The Kingkiller Chronicle, #1)","075640407X","You are an educated man. You know there are no such things as demons."" Bast smiled a terrible smile. ""There is only my kind."" Bast leaned closer still, Chronicler smelled flowers on his breath. ""You are not wise enough to fear me as I should be feared. You do not know the first note of the music that moves me.","fae",185,355
218150,"Patrick Rothfuss","The Name of the Wind (The Kingkiller Chronicle, #1)","075640407X","However, while being able to think about two things at the same time is a terribly convenient, the training it takes to get there is frustrating at best, and at other times rather disturbing.<br/><br/>I remember one time I looked for the stone for almost an hour before I consented to ask the other half of me where I'd hidden it, only to find I hadn't hidden the stone at all. I had merely been waiting to see how long I would look before giving up. Have you ever been annoyed and amused with yourself at the same time? It's an interesting feeling, to say the very least.","",174,356
371030,"Patrick Rothfuss","The Name of the Wind (The Kingkiller Chronicle, #1)","","What do you know of poetry?” Ambrose said without bothering to turn around. “I know a limping verse when I hear it,” I said. “But this isn’t even limping. A limp has rhythm. This is more like someone falling down a set of stairs. Uneven stairs. With a midden at the bottom.” “It is a sprung rhythm,” he said, his voice stiff and offended. “I wouldn’t expect you to understand.” “Sprung?” I burst out with an incredulous laugh. “I understand that if I saw a horse with a leg this badly ‘sprung,’ I’d kill it out of mercy, then burn its poor corpse for fear the local dogs might gnaw on it and die.","kindlehighlight",101,357
987490,"Patrick Rothfuss","The Name of the Wind (The Kingkiller Chronicle, #1)","075640407X","Elodin pointed down the street. ""What color is that boy's shirt?""<br/><br/>""Blue.""<br/><br/>""What do you mean by blue? Describe it.""<br/><br/>I struggled for a moment, failed. ""So blue is a name?""<br/><br/>""It is a word. Words are pale shadows of forgotten names. As names have power, words have power. Words can light fires in the minds of men. Words can wring tears from the hardest hearts. There are seven words that will make a person love you. There are ten words that will break a strong man's will. But a word is nothing but a painting of a fire. A name is the fire itself.""<br/><br/>My head was swimming by this point. ""I still don't understand.""<br/><br/>He laid a hand on my shoulder. ""Using words to talk of words is like using a pencil to draw a picture of itself, on itself. Impossible. Confusing. Frustrating."" He lifted his hands high above his head as if stretching for the sky. ""But there are other ways to understanding!"" he shouted, laughing like a child. He threw both arms to the cloudless arch of sky above us, still laughing. ""Look!"" he shouted tilting his head back. ""Blue! Blue! Blue!","blue, elodin, inspirational, kvothe, naming, words",97,358
177007,"Patrick Rothfuss","The Wise Man's Fear (The Kingkiller Chronicle, #2)","0756404738","There are three things all wise men fear: the sea in storm, a night with no moon, and the anger of a gentle man.","fear, name-of-the-wind, patrick-rothfuss, wisdom",6328,359
351709,"Patrick Rothfuss","The Wise Man's Fear (The Kingkiller Chronicle, #2)","0756404738","It's the questions we can't answer that teach us the most. They teach us how to think. If you give a man an answer, all he gains is a little fact. But give him a question and he'll look for his own answers.","fantasy, fear, kvothe, man-s, name, patrick-rothfuss, wind, wise",3430,360
358455,"Patrick Rothfuss","The Wise Man's Fear (The Kingkiller Chronicle, #2)","0756404738","Half of seeming clever is keeping your mouth shut at the right times.","humor, wisdom",1861,361
362241,"Patrick Rothfuss","The Wise Man's Fear (The Kingkiller Chronicle, #2)","0756404738","Anyone can love a thing <i>because</i>. That's as easy as putting a penny in your pocket. <br/>But to love something <i>despite</i>. To know the flaws and love them too. That is rare and pure and perfect.","love",1443,362
353414,"Patrick Rothfuss","The Wise Man's Fear (The Kingkiller Chronicle, #2)","0756404738","Books are a poor substitute for female companionship, but they are easier to find.","books, relationships",1210,363
354460,"Patrick Rothfuss","The Wise Man's Fear (The Kingkiller Chronicle, #2)","0756404738","I've waited a long time to show these flowers how pretty you are.","",1019,364
350228,"Patrick Rothfuss","The Wise Man's Fear (The Kingkiller Chronicle, #2)","0756404738","How about this?' Simmon asked me. ""Which is worse, stealing a pie or killing Ambrose?""<br/>I gave it a moment's hard thought. ""A meat pie, or a fruit pie?","",491,365
353746,"Patrick Rothfuss","The Wise Man's Fear (The Kingkiller Chronicle, #2)","0756404738","There are so many men, all endlessly attempting to sweep me off my feet. And there is one of you, trying just the opposite. Making sure my feet are firm beneath me, lest I fall.","empathy, freedom, friendship, love, men, respect, women",483,366
429367,"Patrick Rothfuss","The Wise Man's Fear (The Kingkiller Chronicle, #2)","0756404738","Words can light fires in the minds of men. Words can wring tears from the hardest hearts.","elodin",372,367
748486,"Patrick Rothfuss","The Wise Man's Fear (The Kingkiller Chronicle, #2)","0756404738","Once upon a time,” I began. “There was a little boy born in a little town. He was perfect, or so his mother thought. But one thing was different about him. He had a gold screw in his belly button. Just the head of it peeping out.<br/>“Now his mother was simply glad he had all his fingers and toes to count with. But as the boy grew up he realized not everyone had screws in their belly buttons, let alone gold ones. He asked his mother what it was for, but she didn’t know. Next he asked his father, but his father didn’t know. He asked his grandparents, but they didn’t know either.<br/>“That settled it for a while, but it kept nagging him. Finally, when he was old enough, he packed a bag and set out, hoping he could find someone who knew the truth of it.<br/>“He went from place to place, asking everyone who claimed to know something about anything. He asked midwives and physickers, but they couldn’t make heads or tails of it. The boy asked arcanists, tinkers, and old hermits living in the woods, but no one had ever seen anything like it.<br/>“He went to ask the Cealdim merchants, thinking if anyone would know about gold, it would be them. But the Cealdim merchants didn’t know. He went to the arcanists at the University, thinking if anyone would know about screws and their workings, they would. But the arcanists didn’t know. The boy followed the road over the Stormwal to ask the witch women of the Tahl, but none of them could give him an answer.<br/>“Eventually he went to the King of Vint, the richest king in the world. But the king didn’t know. He went to the Emperor of Atur, but even with all his power, the emperor didn’t know. He went to each of the small kingdoms, one by one, but no one could tell him anything.<br/>“Finally the boy went to the High King of Modeg, the wisest of all the kings in the world. The high king looked closely at the head of the golden screw peeping from the boy’s belly button. Then the high king made a gesture, and his seneschal brought out a pillow of golden silk. On that pillow was a golden box. The high king took a golden key from around his neck, opened the box, and inside was a golden screwdriver.<br/>“The high king took the screwdriver and motioned the boy to come closer. Trembling with excitement, the boy did. Then the high king took the golden screwdriver and put it in the boy’s belly button.”<br/>I paused to take a long drink of water. I could feel my small audience leaning toward me. “Then the<br/>high king carefully turned the golden screw. Once: Nothing. Twice: Nothing. Then he turned it the third time, and the boy’s ass fell off.”<br/>There was a moment of stunned silence.<br/>“What?” Hespe asked incredulously.<br/>“His ass fell off.","",300,368
429379,"Patrick Rothfuss","The Wise Man's Fear (The Kingkiller Chronicle, #2)","0756404738","Vashet: “I will admit, I’ve never had a studen offer himself up for a vicious beating in order to prove he’s worth my time.”<br/>Kvothe: “That was nothing. Once I jumped off a roof.","kvothe, vashet",227,369
475024,"Patrick Rothfuss","The Wise Man's Fear (The Kingkiller Chronicle, #2)","0756404738","It was only then I realized I didn't know the name of Elodin's class. I leafed through the ledger until I spotted Elodin's name, then ran my finger back to where the title of the class was listed in fresh dark ink: ""Introduction to Not Being a Stupid Jackass.""<br/>I sighed and penned my name in the single blank space beneath.","",208,370
353474,"Patrick Rothfuss","The Wise Man's Fear (The Kingkiller Chronicle, #2)","0756404738","I won the only duel I ever lost.","",138,371
350877,"Patrick Rothfuss","The Wise Man's Fear (The Kingkiller Chronicle, #2)","0756404738","I walked across the polished marble floor and sat on a red velvet lounging couch. I idly wondered how exactly one was supposed to lounge. I couldn't remember ever doing it myself. After a moment's consideration, I decided lounging was probably similar to relaxing, but with more money in your pocket.","",83,372
371025,"Patrick Rothfuss","The Wise Man's Fear (The Kingkiller Chronicle, #2)","","I’d heard he had started a fistfight in one of the seedier local taverns because someone had insisted on saying the word “utilize” instead of “use.","kindlehighlight",81,373
6598242,"Patrick Rothfuss","The Wise Man's Fear (The Kingkiller Chronicle, #2)","0756404738","No man is brave that has never walked a hundred miles. If you want to know the truth of who you are, walk until not a person knows your name. Travel is the great leveler, the great teacher, bitter as medicine, crueler than mirror-glass. A long stretch of road will teach you more about yourself than a hundred years of quiet introspection.","bitter, brave, bravery, cruel, cruelty, glass, identity, inspiration, inspirational, introspection, lesson, medicine, mirror, on-the-road, quiet, road, silence, travel, traveler, truth, wayfarer",71,374
1188290,"Patrick Rothfuss","The Wise Man's Fear (The Kingkiller Chronicle, #2)","0756404738","I don't mind being called a liar. I am. I am a marvelous liar. But I hate being called a liar when I´m telling the perfect truth.","truth-and-lies",61,375
6565271,"Patrick Rothfuss","The Wise Man's Fear (The Kingkiller Chronicle, #2)","0756404738","Maple. Maypole<br/>Catch and carry.<br/>Ash and Ember.<br/>Elderberry.<br/>Woolen. Woman.<br/>Moon at night.<br/>Willow. Window.<br/>Candlelight.<br/>Fallow farrow.<br/>Ash and oak.<br/>Bide and borrow.<br/>Chimney smoke.<br/>Barrel. Barley.<br/>Stone and stave.<br/>Wind and water.<br/>Misbehave.","bast, fae, kingkiller, kingkiller-chronicles, kvothe, name-of-the-wind, poem, poetry, spell, wayside-inn, wise-mans-fear",45,376
117445,"Frank Herbert","Dune (Dune #1)","0340839937","Deep in the human unconscious is a pervasive need for a logical universe that makes sense. But the real universe is always one step beyond logic.","muad-dib, order, princess-irulan, reality, understanding",2142,377
36305,"Lucius Annaeus Seneca","On the Shortness of Life: Life Is Long if You Know How to Use It (Penguin Great Ideas)","0143036327","You act like mortals in all that you fear, and like immortals in all that you desire","",853,378
23265,"Seneca","On the Shortness of Life: Life Is Long if You Know How to Use It (Penguin Great Ideas)","0143036327","They lose the day in expectation of the night, and the night in fear of the dawn.","",478,379
844816,"Lucius Annaeus Seneca","On the Shortness of Life: Life Is Long if You Know How to Use It (Penguin Great Ideas)","0143036327","Often a very old man has no other proof of his long life than his age.","",198,380
10205735,"Kate Elizabeth Russell","My Dark Vanessa","006294150X","I can’t lose the thing I’ve held onto for so long, you know?” My face twists up from the pain of pushing it out. “I just really need it to be a love story, you know? I really, really need it to be that.”<br/>“I know,” she says.<br/>“Because if it isn’t a love story, then what is it”? I look to her glassy eyes, her face of wide open empathy. “It’s my life,” I say. “This has been my whole life.","",743,381
10223693,"Kate Elizabeth Russell","My Dark Vanessa","0062941526","The excuses we make for them are outrageous, but they’re nothing compared with the ones we make for ourselves.","",264,382
10186064,"Kate Elizabeth Russell","My Dark Vanessa","006294150X","Because even if I sometimes use the word abuse to describe certain things that were done to me, in someone else’s mouth the word turns ugly and absolute. It swallows up everything that happened.","",225,383
10217138,"Kate Elizabeth Russell","My Dark Vanessa","0062941526","It’s strange to know that whenever I remember myself at fifteen, I’ll think of this.","",182,384
10352639,"Kate Elizabeth Russell","My Dark Vanessa","006294150X","She didn't understand the horror of watching your body star in something your mind didn't agree to.","",135,385
10205731,"Kate Elizabeth Russell","My Dark Vanessa","006294150X","Girls in those stories are always victims, and I am not. And it doesn’t have anything to do with what Strane did or didn’t do to me when I was younger. I’m not a victim because I never wanted to be, and If I didn’t want to be, then I’m not. That’s how it works. The difference between rape and sex is state of mind. You can’t rape the willing, right?","",61,386
10291188,"Kate Elizabeth Russell","My Dark Vanessa","006294150X","He's always going to be old. He has to be. That's the only way I can stay young and dripping with beauty.","youth-age",60,387
465846,"Brandon Sanderson","The Well of Ascension (Mistborn, #2)","0765316889","Elend: I kind of lost track of time…<br/>Breeze: For two hours?<br/>Elend: There were books involved.","books, humor",1878,388
149738,"Brandon Sanderson","The Well of Ascension (Mistborn, #2)","0765316889","It's easy to believe in something when you win all the time...The losses are what define a man's faith.","",1409,389
357802,"Brandon Sanderson","The Well of Ascension (Mistborn, #2)","0765316889","...A man can only stumble for so long before he either falls or stands up straight.","leadership, perseverance",568,390
423959,"Brandon Sanderson","The Well of Ascension (Mistborn, #2)","0765316889","It was amazing how many books one could fit into a room, assuming one didn't want to move around very much.","books, humor, reading",453,391
502423,"Brandon Sanderson","The Well of Ascension (Mistborn, #2)","0765316889","A man was defined not by his flaws, but by how he overcame them.","",421,392
350188,"Brandon Sanderson","The Well of Ascension (Mistborn, #2)","0765316889","I write these words in steel, for anything not set in metal cannot be trusted.","",323,393
914844,"Brandon Sanderson","The Well of Ascension (Mistborn, #2)","0765316889","Vin isn't…like other women."" <br/>Tindwyl raised an eyebrow, her voice softening slightly. <br/>""I think that the more women you come to know, Your Majesty, the more you'll find that statement applies to all of them.","",188,394
823577,"Brandon Sanderson","The Well of Ascension (Mistborn, #2)","0765316889","Books have great value, actions have greater value.","action",104,395
755667,"Brandon Sanderson","The Well of Ascension (Mistborn, #2)","0765316889","He found insanity no excuse, however, for irrational behavior.","insanity, p-202",51,396
8402644,"Becky  Chambers","A Closed and Common Orbit (Wayfarers, #2)","1473621445","Life is terrifying. None of us have a rule book. None of us know what we're doing here. So, the easiest way to stare reality in the face and not utterly lose your shit is to believe that you have control over it. If you believe you have control, then you believe you're at the top. And if you're at the top, then people who aren't like you... well, they've got to be somewhere lower, right? Every species does this. Does it again and again and again. Doesn't matter if they do it to themselves, or another species, or someone they created.","",66,397
8114526,"Becky   Chambers","A Closed and Common Orbit (Wayfarers, #2)","","At the core, you’ve got to get university certification for parenting, just as you do for, say, being a doctor or an engineer. No offence to you or your species, but going into the business of creating life without any sort of formal prep is . . .’ He laughed. ‘It’s baffling. But then, I’m biased.","",38,398
8577913,"Becky  Chambers","A Closed and Common Orbit (Wayfarers, #2)","1473621445","Most sapients confuse working hard with being miserable.","sapients, working-hard",45,399
9040711,"Becky  Chambers","A Closed and Common Orbit (Wayfarers, #2)","","All of you do this. Every organic sapient I’ve ever talked to, every book I’ve read, every piece of art I’ve studied. You are all desperate for purpose, even though you don’t have one. You’re animals, and animals don’t have a purpose. Animals just are. And there are a lot of intelligent – sentient, maybe – animals out there who don’t have a problem with that. They just go on breathing and mating and eating each other without a second thought. But the animals like you – the ones who make tools and build cities and itch to explore, you all share a need for purpose. For reason. That thinking worked well for you, once. When you climbed down out of the trees, up out of the ocean – knowing what things were for was what kept you alive. Fruit is for eating. Fire is for warmth. Water is for drinking. And then you made tools, which were for certain kinds of fruit, for making fire, cleaning water. Everything was for something, so obviously, you had to be for something too, right? All of your histories are the same, in essence. They’re all stories of animals warring and clashing because you can’t agree on what you’re for, or why you exist.","",39,400
7308101,"Leonard Mlodinow","The Drunkard's Walk: How Randomness Rules Our Lives","0307377547","The appeal of many conspiracy theories depends on the misunderstanding of this logic. That is, it depends on confusing the probability that a series of events would happen if it were the product of a huge conspiracy with the probability that a huge conspiracy exists if a series of events occurs.","",4,401
9065873,"Leonard Mlodinow","The Drunkard's Walk: How Randomness Rules Our Lives","0307377547","That’s why successful people in every field are almost universally members of a certain set—the set of people who don’t give up.","",3,402
9656325,"Leonard Mlodinow","The Drunkard's Walk: How Randomness Rules Our Lives","0307377547","true randomness sometimes produces repetition,","",2,403
10590654,"Douglas   Stuart","Shuggie Bain","","Sadness made for a better houseguest; at least it was quiet, reliable, consistent.","",62,404
10597304,"Douglas   Stuart","Shuggie Bain","1529019303","Shug had seen it before, those with least to give always gave the most.","",44,405
10635281,"Douglas   Stuart","Shuggie Bain","","dunno. I think it’s what all alkies want anyways.” She shivered. “To die, I mean. Some are just taking the slow road to it.","",9,406
8886589,"John Boyne","The Heart's Invisible Furies","","Maybe there were no villains in my mother’s story at all. Just men and women, trying to do their best by each other. And failing.","",199,407
8838807,"John Boyne","The Heart's Invisible Furies","","I remember a friend of mine once telling me that we hate what we fear in ourselves,","",129,408
8729635,"John Boyne","The Heart's Invisible Furies","","I've always believed that if women could only collectively harness the power that they have then they'd rule the world.","",79,409
9110829,"John Boyne","The Heart's Invisible Furies","","You were never a real Avery,” he hissed. “You know that, don’t you?”<br/>“I do,” I said.<br/>“But Christ on a bike, you came close. You came damned close.","",42,410
9104514,"John Boyne","The Heart's Invisible Furies","","Do you enjoy being a writer, Mrs Avery?” asked Julian.<br/>“No, of course not, she said. “It’s a hideous profession. Entered into by narcissists who think their pathetic little imaginations will be of interest to people they’ve never met.","",38,411
9613180,"John Boyne","The Heart's Invisible Furies","","Anything is possible,’ I said. ‘But most things are unlikely.","",27,412
8890080,"John Boyne","The Heart's Invisible Furies","","The women are always the whores; the priests are always the good men who were led astray.","",27,413
575228,"Gillian Flynn","Gone Girl","","Love makes you want to be a better man—right, right. But maybe love, real love, also gives you  permission to just be the man you are.","love",1189,414
691284,"Gillian Flynn","Gone Girl","","A lot of people lacked that gift: knowing when to fuck off.","fuck-off",1009,415
574850,"Gillian Flynn","Gone Girl","","Sleep is like a cat: It only comes to you if you ignore it.","",911,416
6879115,"Becky   Chambers","The Long Way to a Small, Angry Planet (Wayfarers, #1)","1500453307","Ninety percent of all problems are caused by people being assholes.”<br/>“What causes the other ten percent?” asked Kizzy.<br/>“Natural disasters,” said Nib.","assholes",379,417
7319476,"Becky   Chambers","The Long Way to a Small, Angry Planet (Wayfarers, #1)","","We cannot blame ourselves for the wars our parents start. Sometimes the very best thing we can do is walk away.","",152,418
7631114,"Becky   Chambers","The Long Way to a Small, Angry Planet (Wayfarers, #1)","","People can do terrible things when they feel safe and powerful.","",134,419
7639387,"Becky   Chambers","The Long Way to a Small, Angry Planet (Wayfarers, #1)","1500453307","Do not judge other species by your own social norms","",88,420
7411658,"Becky   Chambers","The Long Way to a Small, Angry Planet (Wayfarers, #1)","","Such a quintessentially Human thing, to express sorrow through apology.","",69,421
7346579,"Becky   Chambers","The Long Way to a Small, Angry Planet (Wayfarers, #1)","","Well, if this band hates the establishment that much, then I doubt they’ll care about me making up my own words. They can’t oppress me with their “correct lyrics.” Fuck the system.","",33,422
7386836,"Becky   Chambers","The Long Way to a Small, Angry Planet (Wayfarers, #1)","","Time was a curious equaliser.","",31,423
8021811,"Becky   Chambers","The Long Way to a Small, Angry Planet (Wayfarers, #1)","1500453307","Time could crawl, it could fly, it could amble. Time was a slippery thing.","",29,424
5568596,"Liu Cixin","The Three-Body Problem (Remembrance of Earth’s Past, #1)","","No, emptiness is not nothingness. Emptiness is a type of existence. You must use this existential emptiness to fill yourself.","",253,425
6533600,"Liu Cixin","The Three-Body Problem (Remembrance of Earth’s Past, #1)","","Your lack of fear is based on your ignorance.","fear, ignorance",127,426
7227155,"Liu Cixin","The Three-Body Problem (Remembrance of Earth’s Past, #1)","","Every era puts invisible shackles on those who have lived through it, and I can only dance in my chains.","",122,427
620835,"Daniel Kahneman","Thinking, Fast and Slow","0374275637","A reliable way to make people believe in falsehoods is frequent repetition, because familiarity is not easily distinguished from truth. Authoritarian institutions and marketers have always known this fact.","psychology, science, social-behavior",932,428
636417,"Daniel Kahneman","Thinking, Fast and Slow","0374275637","Nothing in life is as important as you think it is, while you are thinking about it","focusing-illusion",560,429
726957,"Daniel Kahneman","Thinking, Fast and Slow","0374275637","Our comforting conviction that the world makes sense rests on a secure foundation: our almost unlimited ability to ignore our ignorance.","",388,430
1213369,"Daniel Kahneman","Thinking, Fast and Slow","1429969350","If you care about being thought credible and intelligent, do not use complex language where simpler language will do.","",279,431
669965,"Daniel Kahneman","Thinking, Fast and Slow","0374275637","Intelligence is not only the  ability to reason; it is also the ability to find relevant material in memory and to deploy attention when needed.","",275,432
542236,"Daniel Kahneman","Thinking, Fast and Slow","0374275637","The psychologist, Paul Rozin, an expert on disgust, observed that a single cockroach will completely wreck the appeal of a bowl of cherries, but a cherry will do nothing at all for a bowl of cockroaches.","",249,433
763481,"Daniel Kahneman","Thinking, Fast and Slow","0374275637","The idea that the future is unpredictable is undermined every day by the ease with which the past is explained.","future, prediction, psychology",207,434
885710,"Daniel Kahneman","Thinking, Fast and Slow","0374275637","Odd as it may seem, I am my remembering self, and the experiencing self, who does my living, is like a stranger to me.","experience, memory, reflection, self",193,435
754455,"Daniel Kahneman","Thinking, Fast and Slow","0374275637","This is the essence of intuitive heuristics: when faced with a difficult question, we often answer an easier one instead, usually without noticing the substitution.","",167,436
978181,"Daniel Kahneman","Thinking, Fast and Slow","1429969350","We are prone to overestimate how much we understand about the world and to underestimate the role of chance in events.","",167,437
1033528,"Daniel Kahneman","Thinking, Fast and Slow","1429969350","we can be blind to the obvious, and we are also blind to our blindness.","",165,438
7196287,"Daniel Kahneman","Thinking, Fast and Slow","1429969350","The easiest way to increase happiness is to control your use of time. Can you find more time to do the things you enjoy doing?","",136,439
900246,"Daniel Kahneman","Thinking, Fast and Slow","0374275637","You are more likely to learn something by finding surprises in your own behavior than by hearing surprising facts about people in general.","behavioral-psychology",110,440
9528325,"James Clear","Atomic Habits: An Easy & Proven Way to Build Good Habits & Break Bad Ones","","Every action you take is a vote for the type of person you wish to become. No single instance will transform your beliefs, but as the votes build up, so does the evidence of your new identity.","",914,441
9548184,"James Clear","Atomic Habits: An Easy & Proven Way to Build Good Habits & Break Bad Ones","","You should be far more concerned with your current trajectory than with your current results.","",458,442
9540112,"James Clear","Atomic Habits: An Easy and Proven Way to Build Good Habits and Break Bad Ones","","Habits are the compound interest of self-improvement","",249,443
27366,"Alan Alda","Things I Overheard While Talking to Myself","1400066174","[B]egin challenging your own assumptions. Your assumptions are your windows on the world. Scrub them off every once in a while or the light won’t come in.","misattributed-isaac-asimov, open-mindedness, preconceptions, self-discovery",145,444
761518,"Alan Alda","Things I Overheard While Talking to Myself","1400066174","For humans, flying isn't magic, it's physics.","achievement, action, steps",8,445
9365124,"Alan Alda","Things I Overheard While Talking to Myself","1400066174","... it could be selling you anything. It could be a cult religion that could separate you from friends and family, or a quack medicine that could leave you paralyzed, or bogus political information that causes you to elect a numbskull to the presidency. God forbid.","",2,446
10232986,"Alan Alda","Things I Overheard While Talking to Myself","1400066174","There is no hidden meaning to life ... looking for one is our problem solving brain chasing its tail","",3,447
8726090,"Alan Alda","If I Understood You, Would I Have This Look on My Face?: My Adventures in the Art and Science of Relating and Communicating","","Ignorance was my ally as long as it was backed up by curiosity. Ignorance without curiosity is not so good, but with curiosity it was the clear water through which I could see the coins at the bottom of the fountain.","",9,448
9261307,"Alan Alda","If I Understood You, Would I Have This Look on My Face?: My Adventures in the Art and Science of Relating and Communicating","0812989147","The trouble with a lecture is that it answers questions that haven't been asked.","education, empathy, lecture, questions, stories, teaching",4,449
7933910,"Will Wight","Unsouled (Cradle, #1)","","Only storms turn fish into dragons,","",42,450
10031189,"Will Wight","Unsouled (Cradle, #1)","","There are a million Paths in this world, Lindon, but any sage will tell you they can all be reduced to one. Improve yourself.","",81,451
7691608,"Will Wight","Unsouled (Cradle, #1)","","I have so little. To a beggar, even scraps become a feast.","",12,452
11056933,"Will Wight","Unsouled (Cradle, #1)","","When there’s only one road forward, take it with a smile.","",10,453
10856344,"Will Wight","Unsouled (Cradle, #1)","","But the foundation of any Path is learning to accept the world as it is, not as you wish or even observe it to be.","",13,454
9937692,"Will Wight","Soulsmith (Cradle, #2)","","Fine then. I spit on the honor of the Sandvipers, that pathetic collection of cowards and cripples. You don't have a spine between you, you only use poison because it takes courage to face an enemy in battle, and I could improve on a Sandviper warrior by stapling a snake to a scarecrow's arm. Also your mothers were dogs and your fathers were blind, and so on. Fight me.","",11,455
11042972,"Will Wight","Soulsmith (Cradle, #2)","","A man holds grudges for a day, a family for a year, and a clan for a lifetime.","",4,456
11415738,"Randall Munroe","What If? 2: Additional Serious Scientific Answers to Absurd Hypothetical Questions","0525537120","Removing Japan would also have a big effect on ocean currents.","",4,457
9279683,"R.F. Kuang","The Poppy War (The Poppy War, #1)","0062662597","War doesn't determine who's right. War determines who remains.","war",1593,458
9273026,"R.F. Kuang","The Poppy War (The Poppy War, #1)","0062662597","They were monsters!"" Rin shrieked. ""They were not human!""<br/><br/>""Have you ever considered"" he said slowly ""that that was exactly what they thought of us?","",531,459
10366148,"R.F. Kuang","The Poppy War (The Poppy War, #1)","","It’s easy to be brave. Harder to know when not to fight.","",181,460
9943656,"Will Wight","Skysworn (Cradle, #4)","","Even dragons,” Orthos said, “know when to bow.","",7,461
9942916,"Will Wight","Skysworn (Cradle, #4)","","A dragon uses his full strength, whether he's fighting a Sage or a mouse.","",4,462
10406649,"Will Wight","Skysworn (Cradle, #4)","","When a horse carries a man, which of them is the stronger party?","",6,463
11303582,"Will Wight","Skysworn (Cradle, #4)","","You want somebody for a suicidal mission, sure, we're your guys. But this is just suicide.","",4,464
9943875,"Will Wight","Ghostwater (Cradle, #5)","","Some believe that hope is the strongest force in the universe,” Dross said. “Although that is objectively untrue.","",16,465
10174307,"Will Wight","Uncrowned (Cradle, #7)","","It’s interesting how humans decide whether or not to panic by watching others, [...] what if all of you are wrong together?","",11,466
10503653,"Will Wight","Wintersteel (Cradle, #8)","","As he was halfway through the portal, pushing forward as though trying to escape a rushing river, he screamed, “Remember, Lindon! Remember to visit a barber! A barber, Lindon! Your hair lacks volume and defin—","",27,467
8565841,"Kate  Moore","The Radium Girls: The Dark Story of America's Shining Women","","The cynical would say there was only one reason a high-profile specialist finally took up the cause. On June 7, 1925, the first male employee of the United States Radium Corporation died.","",42,468
9127964,"Kate  Moore","The Radium Girls: The Dark Story of America's Shining Women","","My body means nothing but pain to me,” Grace revealed, “and it might mean longer life or relief to the others, if science had it. It’s all I have to give.","",11,469
9137302,"Kate  Moore","The Radium Girls: The Dark Story of America's Shining Women","","The girls,” remembered a local resident of the time, “were ‘good Catholic girls’ who were raised not to challenge authority.","",4,470
11119151,"Will Wight","Reaper (Cradle, #10)","","Apologies, but I thought you would try to trick me into doing it.” “Lindon! Lindon. Lindon. How dare you say something so hurtful and yet so accurate.","",8,471
11032604,"Will Wight","Reaper (Cradle, #10)","","Accepting an unpleasant situation you are powerless to change is not treachery, it is maturity.","maturity",6,472
11302779,"Will Wight","Dreadgod (Cradle, #11)","","Power exploded from the Silent King’s corpse. Hunger aura. It flashed to every corner of the world, empowering the other Dreadgods. All four of them.","",2,473
11422364,"Will Wight","Dreadgod (Cradle, #11)","","Lindon sat at a table, mug of hot tea in his hands. “Is it just me, or does this book feel shorter than the others?” “That’s the goal, isn’t it?” Eithan pointed out. He was leaning back in his chair, with his black armor hanging on a stand behind him. “Don’t you want a story to feel shorter than it is? To leave you wanting more?” “Couldn’t say I care if it is,” Yerin said. She rolled her empty mug across the table. “Tea’s not bad. Where’d you get it?” “Space.” Eithan turned back to Lindon. “I’m not usually one for measuring things precisely, but I get the feeling that this book will actually end up longer than the last one. Thanks to a little strategic addition.” “Really?” Lindon frowned and took another sip of tea. “You think this story is longer than the last one?” “If my calculations are correct, this book should have more words than the last by exactly…” Eithan counted to himself. “…one.","",1,474
801843,"Voltaire","","","In the beginning God created man in His own image, and man has been trying to repay the favor ever since.","criticism, religion",47,475
7378369,"Liu Cixin","The Dark Forest (Remembrance of Earth’s Past, #2)","","The universe is a dark forest. Every civilization is an armed hunter stalking through the trees like a ghost, gently pushing aside branches that block the path and trying to tread without sound. Even breathing is done with care. The hunter has to be careful, because everywhere in the forest are stealthy hunters like him. If he finds other life—another hunter, an angel or a demon, a delicate infant or a tottering old man, a fairy or a demigod—there’s only one thing he can do: open fire and eliminate them. In this forest, hell is other people. An eternal threat that any life that exposes its own existence will be swiftly wiped out. This is the picture of cosmic civilization. It’s the explanation for the Fermi Paradox.","",337,476
7216658,"Liu Cixin","The Dark Forest (Remembrance of Earth’s Past, #2)","","If I destroy you, what business is it of yours?","",204,477
11370461,"William MacAskill","What We Owe the Future","1541618637","Whether the future is wonderful or terrible is, in part, up to us.","",3,478
9761090,"Caroline Criado-Perez","Invisible Women: Data Bias in a World Designed for Men","1419729071","There is no such thing as a woman who doesn’t work. There is only a woman who isn’t paid for her work.","feminism, gender-equality, stereotypes",222,479
9950198,"Caroline Criado-Pérez","Invisible Women: Data Bias in a World Designed for Men","1419729071","The result of this deeply male-dominated culture is that the male experience, the male perspective, has come to be seen as universal, while the female experience--that of half the global population, after all--is seen as, well, niche.","",153,480
9882826,"Caroline Criado Perez","Invisible Women: Data Bias in a World Designed for Men","1419729071","It's not always easy to convince someone a need exists, if they don't have that need themselves.","feminism, gender-gap",105,481
9940950,"Caroline Criado-Pérez","Invisible Women: Data Bias in a World Designed for Men","1683353145","The fact is that worth is a matter of opinion, and opinion is informed by culture. And if that culture is as male-biased as ours is, it can’t help but be biased against women. By default.","",91,482
9883816,"Caroline Criado Pérez","Invisible Women: Data Bias in a World Designed for Men","1419729071","When we exclude half of humanity from the production of knowledge we lose out on potentially transformative insights.","equal-rights, feminism, women",60,483
8141073,"Dennis E. Taylor","We Are Legion (We Are Bob) (Bobiverse, #1)","","How are you supposed to feel if you are forced to do what you would have done anyway?","",52,484
8642657,"Dennis E.  Taylor","We Are Legion (We Are Bob) (Bobiverse, #1)","","Belly laughs are one of the best things about being sentient, and you should never miss a chance for one.","",17,485
9613325,"Dennis E. Taylor","For We Are Many (Bobiverse, #2)","","Just when you start to get ahead in the rat race, the universe delivers bigger rats.","",9,486
8939303,"Dennis E. Taylor","All These Worlds (Bobiverse, #3)","","Don’t make the common mistake of thinking your opponents are stupid just because they don’t see things your way,","",19,487
9390879,"Dennis E. Taylor","All These Worlds (Bobiverse, #3)","","But right or wrong, I’ll die in peace. And Pascal’s Wager works both ways, right?” I nodded, returning his smile. “Yup. If you’re wrong, you won’t have the opportunity to regret it.","",8,488
10671920,"Dennis E. Taylor","Heaven's River (Bobiverse, #4)","1680682105","All actions have risks. Most inactions even more so.","",12,489
10826888,"Dennis E. Taylor","Heaven's River (Bobiverse, #4)","1680682105","the wonderful thing about knowledge is that you can give it away and still have it.","",17,490
246661,"Philip Pullman","The Golden Compass (His Dark Materials, #1)","0679879242","You cannot change what you are, only what you do.","",1381,491
3088,"Philip Pullman","The Amber Spyglass (His Dark Materials, #3)","0965096734","I stopped believing there was a power of good and a power of evil that were outside us. And I came to believe that good and evil are names for what people do, not for what they are.","mary-malone, morality",1078,492
11074378,"Travis Bagwell","Hellion (Awaken Online, #5)","","People always assume that family is a ‘right’, but it’s not - not at all. Family is a privilege. It’s earned.","family",2,493
423290,"Gillian Flynn","Sharp Objects","0307341542","The face you give the world tells the world how to treat you.","",1147,494
631430,"Gillian Flynn","Sharp Objects","0307341542","A child weaned on poison considers harm a comfort.","dark",720,495
619736,"Gillian Flynn","Sharp Objects","0307341542","I just think some women aren't made to be mothers. And some women aren't made to be daughters.","",510,496
685188,"Gillian Flynn","Sharp Objects","0307341542","They always call depression the blues, but I would have been happy to waken to a periwinkle outlook. Depression to me is urine yellow, washed out, exhausted miles of weak piss.","depression",262,497
165489,"Gillian Flynn","Sharp Objects","0307341542","I ached once, hard, like a period typed at the end of a sentence.","",223,498
995180,"Gillian Flynn","Sharp Objects","0307341542","Every time people said I was pretty, I thought of everything ugly swarming beneath my clothes.","",229,499
11467876,"Matt Dinniman","The Butcher's Masquerade (Dungeon Crawler Carl, #5)","","And I was so stupid, because I thought since I loved you, that meant you loved me.","",28,500
11706746,"Matt Dinniman","The Butcher's Masquerade (Dungeon Crawler Carl, #5)","","I have never claimed to be a smart person. We all do stupid things. A lot of times, people do stupid shit not because they are stupid, but because in the heat of the moment, they make rash decisions. It’s a different sort of thing. That’s my excuse here. Heat of the moment. At least that’s what I tell myself.","",9,501
11464449,"Jim Vandehei","Smart Brevity: The Power of Saying More with Less (Revised and Updated)","1523520124","Delete, delete, delete. What words, sentences or paragraphs can you eliminate before sending? Every word or sentence you can shave saves the other person time. Less is more—and a gift.","",5,502
11380924,"Jim Vandehei","Smart Brevity: The Power of Saying More with Less (Revised and Updated)","1523520124","The first sentence is your one—and likely only—chance to tell someone what they need to know and convince them not to move on.","",4,503
10753516,"Shirtaloon","He Who Fights with Monsters (He Who Fights with Monsters, #1)","","When you’re just a face in the crowd, then you can hold an ideal without being required to live up to it.","",38,504
11306606,"Shirtaloon","He Who Fights with Monsters (He Who Fights with Monsters, #1)","","Yes,” Jason said, “I’m not very smart and simple formalities are super-hard to figure out. It’s definitely not that I find them to be a set of arbitrary behavioural norms that serve as a tool of exclusionary tribalism and that eschewing the rituals of cultural performance facilitates the fostering of new relationships by having both sides step out of their preconceived societal modes.","",9,505
11270937,"Shirtaloon","He Who Fights with Monsters (He Who Fights with Monsters, #1)","","Do you have aristocracy in your world?” “Sure,” Jason said. “We’re slowly phasing it out in favour of wealth-based oligarchy, but it’s still around.","",6,506
10950868,"Shirtaloon","He Who Fights with Monsters 2 (He Who Fights with Monsters, #2)","","You should always welcome being proven wrong,” Jason said. “It means your understanding of the world just got a little bit better.","",36,507
11159374,"Shirtaloon","He Who Fights with Monsters 2 (He Who Fights with Monsters, #2)","","He who fights with monsters should look to it that he does not become a monster?","",2,508
11140857,"Shirtaloon","He Who Fights with Monsters 2 (He Who Fights with Monsters, #2)","","I decided early on that I was going to be who I am and people could take it or leave it. Like me or hate me, I’ll take passion over ambivalence. It lets me know who to avoid and who to be friends with. It makes for a better life.","",8,509
11099995,"Shirtaloon","He Who Fights with Monsters 3 (He Who Fights with Monsters, #3)","","Alright,” Jason said. “Any idea if I’ll be getting my old rank back?” “The issue is that you’re very… loud for an iron-ranker,” Vincent said. “They’re going to want a display of humility.” “No worries,” Jason said. “No one’s as good at being humble as me.","",5,510
11458906,"Shirtaloon","He Who Fights with Monsters 3 (He Who Fights with Monsters, #3)","","You don’t get it,” Neil said. “We’re here to kick ass and chew bubblegum, and we never actually found out what bubblegum was.","",3,511
11258154,"Shirtaloon","He Who Fights with Monsters 5 (He Who Fights with Monsters, #5)","","Always either be modest or wildly self-aggrandising. Avoid anything in between, for there lies mediocrity.","",4,512
11299178,"Shirtaloon","He Who Fights with Monsters 6 (He Who Fights with Monsters, #6)","","I need to go in the other room. This is getting awkward and I left my thinly-veiled excuse to leave you two alone in there.","",6,513
11295103,"Shirtaloon","He Who Fights With Monsters 6 (He Who Fights with Monsters, #6)","","You know butlering isn't a real genre right."" Jason said.  ""Given the real genres that is hardly an indictment."" Shade said. ""I'm not responsible for the literary failings of your planet. Mister Asano","",3,514
11775769,"Shirtaloon","He Who Fights With Monsters 7 (He Who Fights with Monsters, #7)","","I wasn’t trying to make a pun. If I was, I’d have done better.” “There is no better with puns, Mr Asano. There is only worse.","",4,515
11564844,"Shirtaloon","He Who Fights With Monsters 7 (He Who Fights with Monsters, #7)","","Political favour is for today, Mr Asano. Integrity is forever.","",5,516
11462006,"Travis Deverell","He Who Fights With Monsters 8 (He Who Fights with Monsters, #8)","","You do realise whose familiar I am, don’t you? I am older than some of this world’s gods and my knowledge base now includes a comprehensive understanding of the canonicity of various entries to the Knight Rider franchise.” “I don’t know what that means.” “I am not largely an advocate for ignorance,” Shade said, “but in this instance, I offer with all goodwill my hope that you retain yours in perpetuity.","",4,517
11460486,"Travis Deverell","He Who Fights With Monsters 8 (He Who Fights with Monsters, #8)","","I don’t know. Until civilisations started measuring time, it never occurred to me to keep track.","",1,518
11338516,"Jennette McCurdy","I'm Glad My Mom Died","","I don’t like knowing people in the context of things. ""Oh, that’s the person I work out with. That’s the person I’m in a book club with. That’s the person I did that show with."" Because once the context ends, so does the friendship","",473,519
11370003,"Jennette McCurdy","I'm Glad My Mom Died","","I was conditioned to believe any boundary I wanted was a betrayal of her, so I stayed silent. Cooperative.","",149,520
11377997,"Jennette McCurdy","I'm Glad My Mom Died","","Mom didn’t get better. But I will.","",176,521
61025,"Mary Wollstonecraft Shelley","Frankenstein","0195149017","Nothing is so painful to the human mind as a great and sudden change.","change, human",5448,522
150003,"Annie Proulx","Brokeback Mountain","0743271327","I wish I knew how to quit you.","infatuation, love-quotes, obsession, true-love",596,523
26683,"Malcolm X","The Autobiography of Malcolm X","","Hence I have no mercy or compassion in me for a society that will crush people, and then penalize them for not being able to stand up under the weight.","",595,524
34892,"Malcolm X","The Autobiography of Malcolm X","","The ability to read awoke inside of me some long dormant craving to be mentally alive.","books, literature, living, reading, words",493,525
7240705,"Charlotte Perkins Gilman","The Yellow Wallpaper","","I cry at nothing, and cry most of the time.","",125,526
11223708,"Devon Price","Unmasking Autism: Discovering the New Faces of Neurodiversity","0593235231","Refusing to perform neurotypicality is a revolutionary act of disability justice. It's also a radical act of self-love.","autism, disability-justice, neurotypical, unmasking",45,527
11593215,"Ann Napolitano","Hello Beautiful","","You’re depressed, not crazy. It’s not insane to be depressed in this world. It’s more sane than being happy. I never trust those upbeat individuals who grin no matter what’s going on. Those are the ones with a screw loose, if you ask me.","depression, mental-health",82,528
717806,"Mark Forsyth","The Etymologicon: A Circular Stroll through the Hidden Connections of the English Language","","Oxygen was called flammable air for a while, but it didn't catch on.","",27,529
1237265,"Mark Forsyth","The Etymologicon: A Circular Stroll through the Hidden Connections of the English Language","","But Shakespeare never drank coffee. Nor did Julius Caesar, or Socrates. Alexander the Great conquered half the world without even a café latte to perk him up. The pyramids were designed and constructed without a whiff of a sniff of caffeine. Coffee was introduced to Europe only in 1615. The achievements of antiquity are quite enough to cow the modern human, but when you realize that they did it all without caffeine it becomes almost unbearable.","coffee",24,530
1215574,"Mark Forsyth","The Etymologicon: A Circular Stroll through the Hidden Connections of the English Language","","If Jupiter was in the ascendant when you were born, you are of a jovial disposition; and if you're not jovial but miserable and saturnine that's a disaster, because a disaster is a dis-astro, or misplaced planet. Disaster is Latin for ill-starred.<br/><br/>The fault, as Shakespeare put it, is not in our stars; but the language is.","astrology, language, shakespeare, stars",18,531
5783026,"Mark Forsyth","The Etymologicon: A Circular Stroll Through the Hidden Connections of the English Language","","The Oxford English Dictionary is the greatest work of reference ever written, and it’s largely the result of a Scotsman who left school at fourteen, and a criminally insane American.","",18,532
1209232,"Mark Forsyth","The Etymologicon: A Circular Stroll through the Hidden Connections of the English Language","","The Latin word for sausage was botulus, from which English gets two words. One of them is the lovely botuliform, which means sausage-shaped and is a more useful word than you might think. The other word is botulism.<br/><br/>Sausages may taste lovely, but it's usually best not to ask what's actually in them. Curiosity may have killed the cat, but it was a sausage-maker who disposed of the body.","humor, language",14,533
1209240,"Mark Forsyth","The Etymologicon: A Circular Stroll through the Hidden Connections of the English Language","","Freud said that everything was secretly sexual. But etymologists know that sex is secretly food.","",8,534
8019386,"Mark Forsyth","The Etymologicon: A Circular Stroll Through the Hidden Connections of the English Language","1101611766","The neatest palindrome in English is undoubtedly: “A man, a plan, a canal: Panama.","",6,535
7877312,"Mark Forsyth","The Etymologicon: A Circular Stroll Through the Hidden Connections of the English Language","1101611766","Monty Python is, for reasons best known to nobody, rather popular with computer programmers. There’s even a programming language called Python, based on their sketches.","",6,536
7877282,"Mark Forsyth","The Etymologicon: A Circular Stroll Through the Hidden Connections of the English Language","1101611766","All over America, infuriating white people would address black men with the words “Hey, boy.” And it grated. It really grated. That’s why, in the 1940s, black Americans started taking the fight the other way and greeting each other with the words “Hey, man.” The vocative was not inserted for the purposes of sexual identification; it was a reaction against all those years of being called boy. It worked. White people were so confused by “Hey, man” that the sixties happened and everybody, of whatever race, started calling each other man, until the original significance was lost. This is an example of Progress. Now,","",5,537
7387009,"Mark Forsyth","The Etymologicon: A Circular Stroll Through the Hidden Connections of the English Language","1101611766","The glorious insanities of the English language mean that you can do all sorts of odd and demeaning things to a book. You can cook it.","",4,538
11277235,"Travis  Baldree","Legends & Lattes (Legends & Lattes, #1)","","Things don’t have to stay as what they started out as.","",153,539
11205542,"Travis  Baldree","Legends & Lattes (Legends & Lattes, #1)","","it was like drinking the feeling of being peaceful. Being peaceful in your mind. Well, not if you have too much, then it’s something else.","",70,540
11365516,"Travis  Baldree","Legends & Lattes (Legends & Lattes, #1)","","The combined aromas of hot cinnamon, ground coffee, and sweet cardamom intoxicated her, and as she brewed and smiled and served and chatted, a deep contentment welled up. It was a glowing warmth she’d never experienced before, and she liked it. She liked it a great deal.","",41,541
11472265,"Travis  Baldree","Legends & Lattes (Legends & Lattes, #1)","","Calamity."" His own callused paw was swallowed by hers.<br/>Her eyes widened.<br/>""Hob name,"" he said. ""You can call me Cal.""<br/>""Whichever you like best.  I don't need your name to suit me.","",25,542
12131630,"Haylock Jobson","Heretical Fishing (Heretical Fishing, #1)","1039453112","They believe all paths of evolution eventually lead to crabs—a process called carcinization","",2,543
8270464,"V.E. Schwab","A Conjuring of Light (Shades of Magic, #3)","0765387468","Love and loss,” he said, “are like a ship and the sea. They rise together. The more we love, the more we have to lose. But the only way to avoid loss is to avoid love. And what a sad world that would be.","",849,544
8276096,"V.E. Schwab","A Conjuring of Light (Shades of Magic, #3)","0765387468","What are we drinking to?""<br/>""The living,"" said Rhy.<br/>""The dead,"" said Alucard and Lila at the same time.<br/>""We're being thorough,"" added Rhy.","",331,545
8284370,"V.E. Schwab","A Conjuring of Light (Shades of Magic, #3)","0765387468","On vis och,"" he told himself.<br/><br/>Dawn to dusk. A phrase that meant two things in his native tongue. <br/><br/>A fresh start. A good end.","",227,546
8366166,"V.E. Schwab","A Conjuring of Light (Shades of Magic, #3)","0765387468","We don't choose what we are, but we choose what we do.","",164,547
37818,"Mary Roach","Stiff: The Curious Lives of Human Cadavers","0393324826","The way I see it, being dead is not terribly far off from being on a cruise ship. Most of your time is spent lying on your back. The brain has shut down. The flesh begins to soften. Nothing much new happens, and nothing is expected of you.","",220,548
185673,"Mary Roach","Stiff: The Curious Lives of Human Cadavers","0393324826","Life contains these things: leakage and wickage and discharge, pus and snot and slime and gleet. We are biology. We are reminded of this at the beginning and the end, at birth and at death. In between we do what we can to forget.","",119,549
261988,"Mary Roach","Stiff: The Curious Lives of Human Cadavers","0393324826","You are a person and then you cease to be a person, and a cadaver takes your place.","cadaver",64,550
823798,"Mary Roach","Stiff: The Curious Lives of Human Cadavers","0393324826","It's the reason we say ""pork"" and ""beef"" instead of ""pig"" and ""cow."" Dissection and surgical instruction, like meat-eating, require a carefully maintained set of illusions and denial.","",28,551
589209,"Mary Roach","Stiff: The Curious Lives of Human Cadavers","0393324826","I began thinking about my skeleton, this solid, beautiful thing inside me that I would never see.","",27,552
10083071,"Jennifer Giesbrecht","The Monster of Elendhaven","125022568X","Monster was the best, his favorite word. The first half was a kiss, the second a hiss.","dark, monster",46,553
8308519,"Angie Thomas","The Hate U Give (The Hate U Give, #1)","0062498533","What's the point of having a voice if you're gonna be silent in those moments you shouldn't be?","black-lives-matter, racism",1680,554
8298186,"Angie Thomas","The Hate U Give (The Hate U Give, #1)","0062498533","At an early age I learned that people make mistakes, and you have to decide if their mistakes are bigger than your love for them.","mistakes",1302,555
8339343,"Angie Thomas","The Hate U Give (The Hate U Give, #1)","0062498533","I can't change where I come from or what I've been through, so why should I be ashamed of what makes me, me?","racism-prejudice",550,556
8757477,"Angie Thomas","The Hate U Give (The Hate U Give, #1)","0062498533","Funerals aren't for dead people. They're for the living.","",147,557
100564,"Karl Marx","The Communist Manifesto","0140447571","Let the ruling classes tremble at a Communistic revolution. The proletarians have nothing to lose but their chains. They have a world to win.<br/><br/>Workingmen of all countries unite!","communism, communist-revolution, politics, proletariat, ruling-classic, tremble, unite",424,558
12029551,"J.M.     Clarke","Mark of the Fool 3 (Mark of the Fool, #3)","","No such thing as a stupid question. Only stupid people who never ask questions.","",2,559
6634082,"Christopher Buehlman","The Lesser Dead","0425272613","Happiness is the province of those who ask few questions.","dead, happiness, human-nature, lesser, life, question, undead, vampires",5,560
7996506,"Christopher Buehlman","The Lesser Dead","0425272613","We just don’t deserve dogs, do we?","dogs",5,561
11529545,"J.M. Clarke","Mark of the Fool (Mark of the Fool, #1)","","danger is to life as salt is to food. Too much ruins all. Too little makes meals bland and unpleasant. But just enough? Makes a feast.","",6,562
418890,"Iain M. Banks","Excession (Culture, #5)","0553575376","An Outside Context Problem was the sort of thing most civilisations encountered just once, and which they tended to encounter rather in the same way a sentence encountered a full stop.","",65,563
840220,"Iain M. Banks","Excession (Culture, #5)","0553575376","But then, as she knew too well, the more fondly we imagine something will last forever, the more ephemeral it often proves to be.","ephemeral, ephemerality",30,564
7328650,"Iain M. Banks","Excession","","there came a point when if a conspiracy was that powerful and subtle it became pointless to worry about it.","",11,565
9605621,"Iain M. Banks","Excession (Culture, #5)","","An Outside Context Problem was the sort of thing most civilisations encountered just once, and which they tended to encounter rather in the same way a sentence encountered a full stop. The usual example given to illustrate an Outside Context Problem was imagining you were a tribe on a largish, fertile island; you’d tamed the land, invented the wheel or writing or whatever, the neighbours were cooperative or enslaved but at any rate peaceful and you were busy raising temples to yourself with all the excess productive capacity you had, you were in a position of near-absolute power and control which your hallowed ancestors could hardly have dreamed of and the whole situation was just running along nicely like a canoe on wet grass . . . when suddenly this bristling lump of iron appears sailless and trailing steam in the bay and these guys carrying long funny-looking sticks come ashore and announce you’ve just been discovered, you’re all subjects of the Emperor now, he’s keen on presents called tax and these bright-eyed holy men would like a word with your priests. That was an Outside Context Problem; so was the suitably up-teched version that happened to whole planetary civilisations when somebody like the Affront chanced upon them first rather than, say, the Culture.","",5,566
11187740,"Iain M. Banks","Excession (Culture, #5)","","Collective responsibility. Also known as sharing the blame.","",2,567
11919387,"Matt Dinniman","Dungeon Crawler Carl (Dungeon Crawler Carl, #1)","","Being eaten by a bugbear makes me uncomfortable, Carl. So if your boyfriend ogling your tootises keeps these easy-peasy bugs coming at us instead of more of those lava-spitting llamas, then you better buck up, get over your human male privilege, and take one for your princess.","",37,568
12479717,"Matt Dinniman","Dungeon Crawler Carl (Dungeon Crawler Carl, #1)","","Reward: I SAID THE GHOST OF STEVE IRWIN SMILES DOWN UPON YOU.","",33,569
12472131,"Domagoj Kurmaić","Mother of Learning: ARC 3","1955252297","Learning a language is never a wasted effort, young man… It develops your mind and expands your horizons!","language, learning, personal-growth",4,570
12472125,"Domagoj Kurmaić","Mother of Learning: ARC 3","1955252297","It’s not true fun unless you regret it immediately afterwards.","impulsivity, recklessness, zach",4,571
